/*
SQLyog Ultimate v12.08 (64 bit)
MySQL - 5.7.10-log : Database - tourmgtsys
*********************************************************************
*/

/*!40101 SET NAMES utf8 */;

/*!40101 SET SQL_MODE=''*/;

/*!40014 SET @OLD_UNIQUE_CHECKS=@@UNIQUE_CHECKS, UNIQUE_CHECKS=0 */;
/*!40014 SET @OLD_FOREIGN_KEY_CHECKS=@@FOREIGN_KEY_CHECKS, FOREIGN_KEY_CHECKS=0 */;
/*!40101 SET @OLD_SQL_MODE=@@SQL_MODE, SQL_MODE='NO_AUTO_VALUE_ON_ZERO' */;
/*!40111 SET @OLD_SQL_NOTES=@@SQL_NOTES, SQL_NOTES=0 */;
CREATE DATABASE /*!32312 IF NOT EXISTS*/`tourmgtsys` /*!40100 DEFAULT CHARACTER SET utf8 */;

USE `tourmgtsys`;

/*Table structure for table `gen_table` */

DROP TABLE IF EXISTS `gen_table`;

CREATE TABLE `gen_table` (
  `table_id` bigint(20) NOT NULL AUTO_INCREMENT COMMENT '编号',
  `table_name` varchar(200) DEFAULT '' COMMENT '表名称',
  `table_comment` varchar(500) DEFAULT '' COMMENT '表描述',
  `sub_table_name` varchar(64) DEFAULT NULL COMMENT '关联子表的表名',
  `sub_table_fk_name` varchar(64) DEFAULT NULL COMMENT '子表关联的外键名',
  `class_name` varchar(100) DEFAULT '' COMMENT '实体类名称',
  `tpl_category` varchar(200) DEFAULT 'crud' COMMENT '使用的模板（crud单表操作 tree树表操作）',
  `package_name` varchar(100) DEFAULT NULL COMMENT '生成包路径',
  `module_name` varchar(30) DEFAULT NULL COMMENT '生成模块名',
  `business_name` varchar(30) DEFAULT NULL COMMENT '生成业务名',
  `function_name` varchar(50) DEFAULT NULL COMMENT '生成功能名',
  `function_author` varchar(50) DEFAULT NULL COMMENT '生成功能作者',
  `gen_type` char(1) DEFAULT '0' COMMENT '生成代码方式（0zip压缩包 1自定义路径）',
  `gen_path` varchar(200) DEFAULT '/' COMMENT '生成路径（不填默认项目路径）',
  `options` varchar(1000) DEFAULT NULL COMMENT '其它生成选项',
  `create_by` varchar(64) DEFAULT '' COMMENT '创建者',
  `create_time` datetime DEFAULT NULL COMMENT '创建时间',
  `update_by` varchar(64) DEFAULT '' COMMENT '更新者',
  `update_time` datetime DEFAULT NULL COMMENT '更新时间',
  `remark` varchar(500) DEFAULT NULL COMMENT '备注',
  PRIMARY KEY (`table_id`)
) ENGINE=InnoDB AUTO_INCREMENT=34 DEFAULT CHARSET=utf8 COMMENT='代码生成业务表';

/*Data for the table `gen_table` */

insert  into `gen_table`(`table_id`,`table_name`,`table_comment`,`sub_table_name`,`sub_table_fk_name`,`class_name`,`tpl_category`,`package_name`,`module_name`,`business_name`,`function_name`,`function_author`,`gen_type`,`gen_path`,`options`,`create_by`,`create_time`,`update_by`,`update_time`,`remark`) values (22,'self_attendances','考勤信息表',NULL,NULL,'SelfAttendances','crud','com.ruoyi.system','system','attendances','考勤信息','ruoyi','0','/','{\"parentMenuId\":\"2000\"}','admin','2023-06-26 10:36:27','','2023-06-26 11:57:00',NULL),(23,'self_complaints','投诉表',NULL,NULL,'SelfComplaints','crud','com.ruoyi.system','system','complaints','投诉','ruoyi','0','/','{\"parentMenuId\":\"2000\"}','admin','2023-06-26 10:36:28','','2023-06-26 11:21:32',NULL),(24,'self_emergencies','事件表',NULL,NULL,'SelfEmergencies','crud','com.ruoyi.system','system','emergencies','事件','ruoyi','0','/','{\"parentMenuId\":\"2000\"}','admin','2023-06-26 10:36:28','','2023-06-26 11:56:56',NULL),(25,'self_hotel_orders','酒店订单表',NULL,NULL,'SelfHotelOrders','crud','com.ruoyi.hotel','hotel','orders','酒店订单','ruoyi','0','/','{\"parentMenuId\":2130}','admin','2023-06-26 10:36:28','','2023-06-26 16:34:39',NULL),(26,'self_hotel_prices','酒店价格表',NULL,NULL,'SelfHotelPrices','crud','com.ruoyi.system','system','hotel_prices','酒店价格','ruoyi','0','/','{\"parentMenuId\":\"2000\"}','admin','2023-06-26 10:36:28','','2023-06-26 11:56:45',NULL),(27,'self_hotel_rooms','房间表',NULL,NULL,'SelfHotelRooms','crud','com.ruoyi.system','system','rooms','房间','ruoyi','0','/','{\"parentMenuId\":\"2000\"}','admin','2023-06-26 10:36:28','','2023-06-26 11:56:34',NULL),(28,'self_parking_cars','车辆表',NULL,NULL,'SelfParkingCars','crud','com.ruoyi.system','system','cars','车辆','ruoyi','0','/','{\"parentMenuId\":\"2000\"}','admin','2023-06-26 10:36:28','','2023-06-26 11:56:28',NULL),(31,'self_visitors','游客表',NULL,NULL,'SelfVisitors','crud','com.ruoyi.system','system','visitors','游客','ruoyi','0','/','{\"parentMenuId\":\"2000\"}','admin','2023-06-26 10:36:28','','2023-06-26 11:56:22',NULL),(32,'self_ticket_prices','票价表',NULL,NULL,'SelfTicketPrices','crud','com.ruoyi.system','system','ticket_prices','票价','ruoyi','0','/','{\"parentMenuId\":2000}','admin','2023-06-26 11:35:48','','2023-06-26 11:56:15',NULL),(33,'self_ticket_services','票务表',NULL,NULL,'SelfTicketServices','crud','com.ruoyi.system','system','ticket_services','票务','ruoyi','0','/','{\"parentMenuId\":2000}','admin','2023-06-26 11:35:48','','2023-06-26 11:55:53',NULL);

/*Table structure for table `gen_table_column` */

DROP TABLE IF EXISTS `gen_table_column`;

CREATE TABLE `gen_table_column` (
  `column_id` bigint(20) NOT NULL AUTO_INCREMENT COMMENT '编号',
  `table_id` varchar(64) DEFAULT NULL COMMENT '归属表编号',
  `column_name` varchar(200) DEFAULT NULL COMMENT '列名称',
  `column_comment` varchar(500) DEFAULT NULL COMMENT '列描述',
  `column_type` varchar(100) DEFAULT NULL COMMENT '列类型',
  `java_type` varchar(500) DEFAULT NULL COMMENT 'JAVA类型',
  `java_field` varchar(200) DEFAULT NULL COMMENT 'JAVA字段名',
  `is_pk` char(1) DEFAULT NULL COMMENT '是否主键（1是）',
  `is_increment` char(1) DEFAULT NULL COMMENT '是否自增（1是）',
  `is_required` char(1) DEFAULT NULL COMMENT '是否必填（1是）',
  `is_insert` char(1) DEFAULT NULL COMMENT '是否为插入字段（1是）',
  `is_edit` char(1) DEFAULT NULL COMMENT '是否编辑字段（1是）',
  `is_list` char(1) DEFAULT NULL COMMENT '是否列表字段（1是）',
  `is_query` char(1) DEFAULT NULL COMMENT '是否查询字段（1是）',
  `query_type` varchar(200) DEFAULT 'EQ' COMMENT '查询方式（等于、不等于、大于、小于、范围）',
  `html_type` varchar(200) DEFAULT NULL COMMENT '显示类型（文本框、文本域、下拉框、复选框、单选框、日期控件）',
  `dict_type` varchar(200) DEFAULT '' COMMENT '字典类型',
  `sort` int(11) DEFAULT NULL COMMENT '排序',
  `create_by` varchar(64) DEFAULT '' COMMENT '创建者',
  `create_time` datetime DEFAULT NULL COMMENT '创建时间',
  `update_by` varchar(64) DEFAULT '' COMMENT '更新者',
  `update_time` datetime DEFAULT NULL COMMENT '更新时间',
  PRIMARY KEY (`column_id`)
) ENGINE=InnoDB AUTO_INCREMENT=191 DEFAULT CHARSET=utf8 COMMENT='代码生成业务表字段';

/*Data for the table `gen_table_column` */

insert  into `gen_table_column`(`column_id`,`table_id`,`column_name`,`column_comment`,`column_type`,`java_type`,`java_field`,`is_pk`,`is_increment`,`is_required`,`is_insert`,`is_edit`,`is_list`,`is_query`,`query_type`,`html_type`,`dict_type`,`sort`,`create_by`,`create_time`,`update_by`,`update_time`) values (114,'22','id','ID','int(11)','Long','id','1','1',NULL,'1',NULL,NULL,NULL,'EQ','input','',1,'admin','2023-06-26 10:36:28','','2023-06-26 11:57:00'),(115,'22','employee_id','员工ID','varchar(11)','String','employeeId','0','0',NULL,'1','1','1','1','LIKE','input','',2,'admin','2023-06-26 10:36:28','','2023-06-26 11:57:00'),(116,'22','employee_name','员工姓名','varchar(255)','String','employeeName','0','0',NULL,'1','1','1','1','LIKE','input','',3,'admin','2023-06-26 10:36:28','','2023-06-26 11:57:00'),(117,'22','state_working','考勤状态','varchar(4)','String','stateWorking','0','0',NULL,'1','1','1','1','EQ','input','',4,'admin','2023-06-26 10:36:28','','2023-06-26 11:57:00'),(118,'23','id','ID','int(11)','Long','id','1','1',NULL,'1',NULL,NULL,NULL,'EQ','input','',1,'admin','2023-06-26 10:36:28','','2023-06-26 11:21:32'),(119,'23','complaints_id','投诉ID','int(11)','Long','complaintsId','0','0','1','1','1','1','1','EQ','input','',2,'admin','2023-06-26 10:36:28','','2023-06-26 11:21:32'),(120,'23','complaints_message','投诉信息','text','String','complaintsMessage','0','0','1','1','1','1','1','LIKE','textarea','',3,'admin','2023-06-26 10:36:28','','2023-06-26 11:21:32'),(121,'23','complaints_date','投诉日期','datetime','Date','complaintsDate','0','0',NULL,'1','1','1','1','BETWEEN','datetime','',4,'admin','2023-06-26 10:36:28','','2023-06-26 11:21:32'),(122,'23','state_complaints','处理状态','varchar(4)','String','stateComplaints','0','0',NULL,'1','1','1','1','EQ','input','',5,'admin','2023-06-26 10:36:28','','2023-06-26 11:21:32'),(123,'23','complaints_reply_date','回复日期','datetime','Date','complaintsReplyDate','0','0',NULL,'1','1','1','1','BETWEEN','datetime','',6,'admin','2023-06-26 10:36:28','','2023-06-26 11:21:32'),(124,'23','complaints_reply_message','回复信息','text','String','complaintsReplyMessage','0','0',NULL,'1','1','1','1','LIKE','textarea','',7,'admin','2023-06-26 10:36:28','','2023-06-26 11:21:32'),(125,'24','id','ID','int(11)','Long','id','1','1',NULL,'1',NULL,NULL,NULL,'EQ','input','',1,'admin','2023-06-26 10:36:28','','2023-06-26 11:56:56'),(126,'24','location','事件地点','varchar(255)','String','location','0','0',NULL,'1','1','1','1','LIKE','input','',2,'admin','2023-06-26 10:36:28','','2023-06-26 11:56:56'),(127,'24','emergencies_message','事件信息','text','String','emergenciesMessage','0','0',NULL,'1','1','1','1','LIKE','textarea','',3,'admin','2023-06-26 10:36:28','','2023-06-26 11:56:56'),(128,'24','department','处理部门','varchar(255)','String','department','0','0',NULL,'1','1','1','1','LIKE','input','',4,'admin','2023-06-26 10:36:28','','2023-06-26 11:56:56'),(129,'24','state_emergencies','处理状态','varchar(4)','String','stateEmergencies','0','0',NULL,'1','1','1','1','EQ','input','',5,'admin','2023-06-26 10:36:28','','2023-06-26 11:56:56'),(130,'24','emergencies_level','紧急程度','varchar(4)','String','emergenciesLevel','0','0',NULL,'1','1','1','1','EQ','input','',6,'admin','2023-06-26 10:36:28','','2023-06-26 11:56:56'),(131,'24','emergencies_time','发生日期','datetime','Date','emergenciesTime','0','0',NULL,'1','1','1','1','BETWEEN','datetime','',7,'admin','2023-06-26 10:36:28','','2023-06-26 11:56:56'),(132,'25','id','ID','int(11)','Long','id','1','1',NULL,'1',NULL,NULL,NULL,'EQ','input','',1,'admin','2023-06-26 10:36:28','','2023-06-26 16:34:39'),(133,'25','order_id','订单号','int(11)','Long','orderId','0','0',NULL,'1','1','1','1','LIKE','input','',2,'admin','2023-06-26 10:36:28','','2023-06-26 16:34:39'),(134,'25','cn_id','身份证号','varchar(255)','String','cnId','0','0',NULL,'1','1','1','1','LIKE','input','',3,'admin','2023-06-26 10:36:28','','2023-06-26 16:34:39'),(135,'26','id','ID','int(11)','Long','id','1','1',NULL,'1',NULL,NULL,NULL,'EQ','input','',1,'admin','2023-06-26 10:36:28','','2023-06-26 11:56:45'),(138,'26','total_rooms','房间总数','int(11)','Long','totalRooms','0','0',NULL,'1','1','1','1','LIKE','input','',4,'admin','2023-06-26 10:36:28','','2023-06-26 11:56:45'),(139,'26','free_rooms','空余房数','int(11)','Long','freeRooms','0','0',NULL,'1','1','1','1','LIKE','input','',5,'admin','2023-06-26 10:36:28','','2023-06-26 11:56:45'),(140,'27','id','ID','int(11)','Long','id','1','1',NULL,'1',NULL,NULL,NULL,'EQ','input','',1,'admin','2023-06-26 10:36:28','','2023-06-26 11:56:34'),(141,'27','room_id','房间号','int(11)','Long','roomId','0','0',NULL,'1','1','1','1','LIKE','input','',2,'admin','2023-06-26 10:36:28','','2023-06-26 11:56:34'),(143,'27','order_id','订单号','int(11)','Long','orderId','0','0',NULL,'1','1','1','1','LIKE','input','',4,'admin','2023-06-26 10:36:28','','2023-06-26 11:56:34'),(145,'28','id','ID','int(11)','Long','id','1','1',NULL,'1',NULL,NULL,NULL,'EQ','input','',1,'admin','2023-06-26 10:36:28','','2023-06-26 11:56:28'),(146,'28','car_id','车牌号','varchar(255)','String','carId','0','0',NULL,'1','1','1','1','LIKE','input','',2,'admin','2023-06-26 10:36:28','','2023-06-26 11:56:28'),(149,'28','parking_cost','停车费','varchar(255)','String','parkingCost','0','0',NULL,'1','1','1','1','LIKE','input','',5,'admin','2023-06-26 10:36:28','','2023-06-26 11:56:28'),(150,'28','state_parking','停车状态','varchar(4)','String','stateParking','0','0',NULL,'1','1','1','1','EQ','input','',6,'admin','2023-06-26 10:36:28','','2023-06-26 11:56:28'),(162,'31','id','ID','int(11)','Long','id','1','1',NULL,'1',NULL,NULL,NULL,'EQ','input','',1,'admin','2023-06-26 10:36:28','','2023-06-26 11:56:22'),(163,'31','cn_id','身份证号','varchar(255)','String','cnId','0','0','1','1','1','1','1','LIKE','input','',2,'admin','2023-06-26 10:36:28','','2023-06-26 11:56:22'),(164,'31','visitors_name','游客姓名','varchar(255)','String','visitorsName','0','0','1','1','1','1','1','LIKE','input','',3,'admin','2023-06-26 10:36:28','','2023-06-26 11:56:22'),(165,'31','phone_number','手机号','varchar(255)','String','phoneNumber','0','0',NULL,'1','1','1','1','LIKE','input','',4,'admin','2023-06-26 10:36:28','','2023-06-26 11:56:22'),(166,'31','order_id','订单号','int(11)','Long','orderId','0','0',NULL,'1','1','1','1','LIKE','input','',5,'admin','2023-06-26 10:36:28','','2023-06-26 11:56:22'),(168,'26','type_room','房间类型','varchar(255)','String','typeRoom','0','0',NULL,'1','1','1','1','LIKE','input','',2,'','2023-06-26 11:17:22','','2023-06-26 11:56:45'),(169,'26','price_room','房间价格','varchar(255)','String','priceRoom','0','0',NULL,'1','1','1','1','LIKE','input','',3,'','2023-06-26 11:17:22','','2023-06-26 11:56:45'),(170,'27','type_room','房间类型','varchar(255)','String','typeRoom','0','0',NULL,'1','1','1','1','EQ','input','',3,'','2023-06-26 11:17:23','','2023-06-26 11:56:34'),(171,'27','state_room','入住情况','varchar(4)','String','stateRoom','0','0',NULL,'1','1','1','1','EQ','input','',5,'','2023-06-26 11:17:23','','2023-06-26 11:56:34'),(177,'28','car_in_time','入场时间','datetime','Date','carInTime','0','0',NULL,'1','1','1','1','BETWEEN','datetime','',3,'','2023-06-26 11:34:59','','2023-06-26 11:56:28'),(178,'28','car_out_time','出场时间','datetime','Date','carOutTime','0','0',NULL,'1','1','1','1','BETWEEN','datetime','',4,'','2023-06-26 11:34:59','','2023-06-26 11:56:28'),(179,'31','ticket_id','门票号','int(11)','Long','ticketId','0','0',NULL,'1','1','1','1','LIKE','input','',6,'','2023-06-26 11:35:05','','2023-06-26 11:56:22'),(180,'32','id','ID','int(11)','Long','id','1','1',NULL,'1',NULL,NULL,NULL,'EQ','input','',1,'admin','2023-06-26 11:35:48','','2023-06-26 11:56:15'),(181,'32','type_ticket','门票类型','varchar(255)','String','typeTicket','0','0',NULL,'1','1','1','1','LIKE','input','',2,'admin','2023-06-26 11:35:48','','2023-06-26 11:56:15'),(182,'32','price_ticket','门票价格','varchar(255)','String','priceTicket','0','0',NULL,'1','1','1','1','LIKE','input','',3,'admin','2023-06-26 11:35:48','','2023-06-26 11:56:15'),(183,'33','id','ID','int(11)','Long','id','1','1',NULL,'1',NULL,NULL,NULL,'EQ','input','',1,'admin','2023-06-26 11:35:48','','2023-06-26 11:55:53'),(184,'33','ticket_id','门票号','int(11)','Long','ticketId','0','0',NULL,'1','1','1','1','LIKE','input','',2,'admin','2023-06-26 11:35:48','','2023-06-26 11:55:53'),(185,'33','cn_id','身份证号','varchar(255)','String','cnId','0','0',NULL,'1','1','1','1','LIKE','input','',3,'admin','2023-06-26 11:35:48','','2023-06-26 11:55:53'),(186,'33','scheduled_date','预约日期','datetime','Date','scheduledDate','0','0',NULL,'1','1','1','1','BETWEEN','datetime','',4,'admin','2023-06-26 11:35:48','','2023-06-26 11:55:53'),(187,'33','visitor_in_time','入园时间','datetime','Date','visitorInTime','0','0',NULL,'1','1','1','1','BETWEEN','datetime','',5,'admin','2023-06-26 11:35:48','','2023-06-26 11:55:53'),(188,'33','visitor_out_time','出园时间','datetime','Date','visitorOutTime','0','0',NULL,'1','1','1','1','BETWEEN','datetime','',6,'admin','2023-06-26 11:35:48','','2023-06-26 11:55:53'),(189,'33','state_visit','参观状态','varchar(4)','String','stateVisit','0','0',NULL,'1','1','1','1','EQ','input','',7,'admin','2023-06-26 11:35:48','','2023-06-26 11:55:53'),(190,'33','type_ticket','门票类型','varchar(255)','String','typeTicket','0','0',NULL,'1','1','1','1','LIKE','input','',8,'admin','2023-06-26 11:35:48','','2023-06-26 11:55:53');

/*Table structure for table `qrtz_blob_triggers` */

DROP TABLE IF EXISTS `qrtz_blob_triggers`;

CREATE TABLE `qrtz_blob_triggers` (
  `sched_name` varchar(120) NOT NULL COMMENT '调度名称',
  `trigger_name` varchar(200) NOT NULL COMMENT 'qrtz_triggers表trigger_name的外键',
  `trigger_group` varchar(200) NOT NULL COMMENT 'qrtz_triggers表trigger_group的外键',
  `blob_data` blob COMMENT '存放持久化Trigger对象',
  PRIMARY KEY (`sched_name`,`trigger_name`,`trigger_group`),
  CONSTRAINT `qrtz_blob_triggers_ibfk_1` FOREIGN KEY (`sched_name`, `trigger_name`, `trigger_group`) REFERENCES `qrtz_triggers` (`sched_name`, `trigger_name`, `trigger_group`)
) ENGINE=InnoDB DEFAULT CHARSET=utf8 COMMENT='Blob类型的触发器表';

/*Data for the table `qrtz_blob_triggers` */

/*Table structure for table `qrtz_calendars` */

DROP TABLE IF EXISTS `qrtz_calendars`;

CREATE TABLE `qrtz_calendars` (
  `sched_name` varchar(120) NOT NULL COMMENT '调度名称',
  `calendar_name` varchar(200) NOT NULL COMMENT '日历名称',
  `calendar` blob NOT NULL COMMENT '存放持久化calendar对象',
  PRIMARY KEY (`sched_name`,`calendar_name`)
) ENGINE=InnoDB DEFAULT CHARSET=utf8 COMMENT='日历信息表';

/*Data for the table `qrtz_calendars` */

/*Table structure for table `qrtz_cron_triggers` */

DROP TABLE IF EXISTS `qrtz_cron_triggers`;

CREATE TABLE `qrtz_cron_triggers` (
  `sched_name` varchar(120) NOT NULL COMMENT '调度名称',
  `trigger_name` varchar(200) NOT NULL COMMENT 'qrtz_triggers表trigger_name的外键',
  `trigger_group` varchar(200) NOT NULL COMMENT 'qrtz_triggers表trigger_group的外键',
  `cron_expression` varchar(200) NOT NULL COMMENT 'cron表达式',
  `time_zone_id` varchar(80) DEFAULT NULL COMMENT '时区',
  PRIMARY KEY (`sched_name`,`trigger_name`,`trigger_group`),
  CONSTRAINT `qrtz_cron_triggers_ibfk_1` FOREIGN KEY (`sched_name`, `trigger_name`, `trigger_group`) REFERENCES `qrtz_triggers` (`sched_name`, `trigger_name`, `trigger_group`)
) ENGINE=InnoDB DEFAULT CHARSET=utf8 COMMENT='Cron类型的触发器表';

/*Data for the table `qrtz_cron_triggers` */

/*Table structure for table `qrtz_fired_triggers` */

DROP TABLE IF EXISTS `qrtz_fired_triggers`;

CREATE TABLE `qrtz_fired_triggers` (
  `sched_name` varchar(120) NOT NULL COMMENT '调度名称',
  `entry_id` varchar(95) NOT NULL COMMENT '调度器实例id',
  `trigger_name` varchar(200) NOT NULL COMMENT 'qrtz_triggers表trigger_name的外键',
  `trigger_group` varchar(200) NOT NULL COMMENT 'qrtz_triggers表trigger_group的外键',
  `instance_name` varchar(200) NOT NULL COMMENT '调度器实例名',
  `fired_time` bigint(13) NOT NULL COMMENT '触发的时间',
  `sched_time` bigint(13) NOT NULL COMMENT '定时器制定的时间',
  `priority` int(11) NOT NULL COMMENT '优先级',
  `state` varchar(16) NOT NULL COMMENT '状态',
  `job_name` varchar(200) DEFAULT NULL COMMENT '任务名称',
  `job_group` varchar(200) DEFAULT NULL COMMENT '任务组名',
  `is_nonconcurrent` varchar(1) DEFAULT NULL COMMENT '是否并发',
  `requests_recovery` varchar(1) DEFAULT NULL COMMENT '是否接受恢复执行',
  PRIMARY KEY (`sched_name`,`entry_id`)
) ENGINE=InnoDB DEFAULT CHARSET=utf8 COMMENT='已触发的触发器表';

/*Data for the table `qrtz_fired_triggers` */

/*Table structure for table `qrtz_job_details` */

DROP TABLE IF EXISTS `qrtz_job_details`;

CREATE TABLE `qrtz_job_details` (
  `sched_name` varchar(120) NOT NULL COMMENT '调度名称',
  `job_name` varchar(200) NOT NULL COMMENT '任务名称',
  `job_group` varchar(200) NOT NULL COMMENT '任务组名',
  `description` varchar(250) DEFAULT NULL COMMENT '相关介绍',
  `job_class_name` varchar(250) NOT NULL COMMENT '执行任务类名称',
  `is_durable` varchar(1) NOT NULL COMMENT '是否持久化',
  `is_nonconcurrent` varchar(1) NOT NULL COMMENT '是否并发',
  `is_update_data` varchar(1) NOT NULL COMMENT '是否更新数据',
  `requests_recovery` varchar(1) NOT NULL COMMENT '是否接受恢复执行',
  `job_data` blob COMMENT '存放持久化job对象',
  PRIMARY KEY (`sched_name`,`job_name`,`job_group`)
) ENGINE=InnoDB DEFAULT CHARSET=utf8 COMMENT='任务详细信息表';

/*Data for the table `qrtz_job_details` */

/*Table structure for table `qrtz_locks` */

DROP TABLE IF EXISTS `qrtz_locks`;

CREATE TABLE `qrtz_locks` (
  `sched_name` varchar(120) NOT NULL COMMENT '调度名称',
  `lock_name` varchar(40) NOT NULL COMMENT '悲观锁名称',
  PRIMARY KEY (`sched_name`,`lock_name`)
) ENGINE=InnoDB DEFAULT CHARSET=utf8 COMMENT='存储的悲观锁信息表';

/*Data for the table `qrtz_locks` */

/*Table structure for table `qrtz_paused_trigger_grps` */

DROP TABLE IF EXISTS `qrtz_paused_trigger_grps`;

CREATE TABLE `qrtz_paused_trigger_grps` (
  `sched_name` varchar(120) NOT NULL COMMENT '调度名称',
  `trigger_group` varchar(200) NOT NULL COMMENT 'qrtz_triggers表trigger_group的外键',
  PRIMARY KEY (`sched_name`,`trigger_group`)
) ENGINE=InnoDB DEFAULT CHARSET=utf8 COMMENT='暂停的触发器表';

/*Data for the table `qrtz_paused_trigger_grps` */

/*Table structure for table `qrtz_scheduler_state` */

DROP TABLE IF EXISTS `qrtz_scheduler_state`;

CREATE TABLE `qrtz_scheduler_state` (
  `sched_name` varchar(120) NOT NULL COMMENT '调度名称',
  `instance_name` varchar(200) NOT NULL COMMENT '实例名称',
  `last_checkin_time` bigint(13) NOT NULL COMMENT '上次检查时间',
  `checkin_interval` bigint(13) NOT NULL COMMENT '检查间隔时间',
  PRIMARY KEY (`sched_name`,`instance_name`)
) ENGINE=InnoDB DEFAULT CHARSET=utf8 COMMENT='调度器状态表';

/*Data for the table `qrtz_scheduler_state` */

/*Table structure for table `qrtz_simple_triggers` */

DROP TABLE IF EXISTS `qrtz_simple_triggers`;

CREATE TABLE `qrtz_simple_triggers` (
  `sched_name` varchar(120) NOT NULL COMMENT '调度名称',
  `trigger_name` varchar(200) NOT NULL COMMENT 'qrtz_triggers表trigger_name的外键',
  `trigger_group` varchar(200) NOT NULL COMMENT 'qrtz_triggers表trigger_group的外键',
  `repeat_count` bigint(7) NOT NULL COMMENT '重复的次数统计',
  `repeat_interval` bigint(12) NOT NULL COMMENT '重复的间隔时间',
  `times_triggered` bigint(10) NOT NULL COMMENT '已经触发的次数',
  PRIMARY KEY (`sched_name`,`trigger_name`,`trigger_group`),
  CONSTRAINT `qrtz_simple_triggers_ibfk_1` FOREIGN KEY (`sched_name`, `trigger_name`, `trigger_group`) REFERENCES `qrtz_triggers` (`sched_name`, `trigger_name`, `trigger_group`)
) ENGINE=InnoDB DEFAULT CHARSET=utf8 COMMENT='简单触发器的信息表';

/*Data for the table `qrtz_simple_triggers` */

/*Table structure for table `qrtz_simprop_triggers` */

DROP TABLE IF EXISTS `qrtz_simprop_triggers`;

CREATE TABLE `qrtz_simprop_triggers` (
  `sched_name` varchar(120) NOT NULL COMMENT '调度名称',
  `trigger_name` varchar(200) NOT NULL COMMENT 'qrtz_triggers表trigger_name的外键',
  `trigger_group` varchar(200) NOT NULL COMMENT 'qrtz_triggers表trigger_group的外键',
  `str_prop_1` varchar(512) DEFAULT NULL COMMENT 'String类型的trigger的第一个参数',
  `str_prop_2` varchar(512) DEFAULT NULL COMMENT 'String类型的trigger的第二个参数',
  `str_prop_3` varchar(512) DEFAULT NULL COMMENT 'String类型的trigger的第三个参数',
  `int_prop_1` int(11) DEFAULT NULL COMMENT 'int类型的trigger的第一个参数',
  `int_prop_2` int(11) DEFAULT NULL COMMENT 'int类型的trigger的第二个参数',
  `long_prop_1` bigint(20) DEFAULT NULL COMMENT 'long类型的trigger的第一个参数',
  `long_prop_2` bigint(20) DEFAULT NULL COMMENT 'long类型的trigger的第二个参数',
  `dec_prop_1` decimal(13,4) DEFAULT NULL COMMENT 'decimal类型的trigger的第一个参数',
  `dec_prop_2` decimal(13,4) DEFAULT NULL COMMENT 'decimal类型的trigger的第二个参数',
  `bool_prop_1` varchar(1) DEFAULT NULL COMMENT 'Boolean类型的trigger的第一个参数',
  `bool_prop_2` varchar(1) DEFAULT NULL COMMENT 'Boolean类型的trigger的第二个参数',
  PRIMARY KEY (`sched_name`,`trigger_name`,`trigger_group`),
  CONSTRAINT `qrtz_simprop_triggers_ibfk_1` FOREIGN KEY (`sched_name`, `trigger_name`, `trigger_group`) REFERENCES `qrtz_triggers` (`sched_name`, `trigger_name`, `trigger_group`)
) ENGINE=InnoDB DEFAULT CHARSET=utf8 COMMENT='同步机制的行锁表';

/*Data for the table `qrtz_simprop_triggers` */

/*Table structure for table `qrtz_triggers` */

DROP TABLE IF EXISTS `qrtz_triggers`;

CREATE TABLE `qrtz_triggers` (
  `sched_name` varchar(120) NOT NULL COMMENT '调度名称',
  `trigger_name` varchar(200) NOT NULL COMMENT '触发器的名字',
  `trigger_group` varchar(200) NOT NULL COMMENT '触发器所属组的名字',
  `job_name` varchar(200) NOT NULL COMMENT 'qrtz_job_details表job_name的外键',
  `job_group` varchar(200) NOT NULL COMMENT 'qrtz_job_details表job_group的外键',
  `description` varchar(250) DEFAULT NULL COMMENT '相关介绍',
  `next_fire_time` bigint(13) DEFAULT NULL COMMENT '上一次触发时间（毫秒）',
  `prev_fire_time` bigint(13) DEFAULT NULL COMMENT '下一次触发时间（默认为-1表示不触发）',
  `priority` int(11) DEFAULT NULL COMMENT '优先级',
  `trigger_state` varchar(16) NOT NULL COMMENT '触发器状态',
  `trigger_type` varchar(8) NOT NULL COMMENT '触发器的类型',
  `start_time` bigint(13) NOT NULL COMMENT '开始时间',
  `end_time` bigint(13) DEFAULT NULL COMMENT '结束时间',
  `calendar_name` varchar(200) DEFAULT NULL COMMENT '日程表名称',
  `misfire_instr` smallint(2) DEFAULT NULL COMMENT '补偿执行的策略',
  `job_data` blob COMMENT '存放持久化job对象',
  PRIMARY KEY (`sched_name`,`trigger_name`,`trigger_group`),
  KEY `sched_name` (`sched_name`,`job_name`,`job_group`),
  CONSTRAINT `qrtz_triggers_ibfk_1` FOREIGN KEY (`sched_name`, `job_name`, `job_group`) REFERENCES `qrtz_job_details` (`sched_name`, `job_name`, `job_group`)
) ENGINE=InnoDB DEFAULT CHARSET=utf8 COMMENT='触发器详细信息表';

/*Data for the table `qrtz_triggers` */

/*Table structure for table `self_attendances` */

DROP TABLE IF EXISTS `self_attendances`;

CREATE TABLE `self_attendances` (
  `id` int(11) NOT NULL AUTO_INCREMENT,
  `employee_id` varchar(11) DEFAULT NULL,
  `employee_name` varchar(255) DEFAULT NULL,
  `state_working` varchar(4) DEFAULT NULL,
  PRIMARY KEY (`id`),
  UNIQUE KEY `attendances_id_uindex` (`id`)
) ENGINE=InnoDB AUTO_INCREMENT=3 DEFAULT CHARSET=utf8 COMMENT='考勤信息表';

/*Data for the table `self_attendances` */

insert  into `self_attendances`(`id`,`employee_id`,`employee_name`,`state_working`) values (1,'E0000001','什么东西','0'),(2,'E0000002','122','1515');

/*Table structure for table `self_complaints` */

DROP TABLE IF EXISTS `self_complaints`;

CREATE TABLE `self_complaints` (
  `id` int(11) NOT NULL AUTO_INCREMENT,
  `complaints_id` int(11) NOT NULL,
  `complaints_message` text NOT NULL,
  `complaints_date` datetime DEFAULT NULL,
  `state_complaints` varchar(4) DEFAULT NULL,
  `complaints_reply_date` datetime DEFAULT NULL,
  `complaints_reply_message` text,
  PRIMARY KEY (`id`),
  UNIQUE KEY `self_complaints_complaints_id_uindex` (`complaints_id`),
  UNIQUE KEY `self_complaints_id_uindex` (`id`)
) ENGINE=InnoDB AUTO_INCREMENT=2 DEFAULT CHARSET=utf8 COMMENT='投诉表';

/*Data for the table `self_complaints` */

insert  into `self_complaints`(`id`,`complaints_id`,`complaints_message`,`complaints_date`,`state_complaints`,`complaints_reply_date`,`complaints_reply_message`) values (1,11111,'红红火火恍恍惚惚fu','2023-06-06 00:00:00','事实上是','2023-06-28 00:00:00','爱啊哎');

/*Table structure for table `self_emergencies` */

DROP TABLE IF EXISTS `self_emergencies`;

CREATE TABLE `self_emergencies` (
  `id` int(11) NOT NULL AUTO_INCREMENT,
  `location` varchar(255) DEFAULT NULL,
  `emergencies_message` text,
  `department` varchar(255) DEFAULT NULL,
  `state_emergencies` varchar(4) DEFAULT NULL,
  `emergencies_level` varchar(4) DEFAULT NULL,
  `emergencies_time` datetime DEFAULT NULL,
  PRIMARY KEY (`id`),
  UNIQUE KEY `self_emergencies_id_uindex` (`id`)
) ENGINE=InnoDB DEFAULT CHARSET=utf8 COMMENT='事件表';

/*Data for the table `self_emergencies` */

/*Table structure for table `self_hotel_orders` */

DROP TABLE IF EXISTS `self_hotel_orders`;

CREATE TABLE `self_hotel_orders` (
  `id` int(11) NOT NULL AUTO_INCREMENT,
  `order_id` int(11) DEFAULT NULL,
  `cn_id` varchar(255) DEFAULT NULL,
  PRIMARY KEY (`id`),
  UNIQUE KEY `self_hotel_orders_id_uindex` (`id`)
) ENGINE=InnoDB AUTO_INCREMENT=2 DEFAULT CHARSET=utf8 COMMENT='酒店订单表';

/*Data for the table `self_hotel_orders` */

insert  into `self_hotel_orders`(`id`,`order_id`,`cn_id`) values (1,12345,'12456');

/*Table structure for table `self_hotel_prices` */

DROP TABLE IF EXISTS `self_hotel_prices`;

CREATE TABLE `self_hotel_prices` (
  `id` int(11) NOT NULL AUTO_INCREMENT,
  `type_room` varchar(255) DEFAULT NULL,
  `price_room` varchar(255) DEFAULT NULL,
  `total_rooms` int(11) DEFAULT NULL,
  `free_rooms` int(11) DEFAULT NULL,
  PRIMARY KEY (`id`),
  UNIQUE KEY `self_hotel_prices_id_uindex` (`id`)
) ENGINE=InnoDB DEFAULT CHARSET=utf8 COMMENT='酒店价格表';

/*Data for the table `self_hotel_prices` */

/*Table structure for table `self_hotel_rooms` */

DROP TABLE IF EXISTS `self_hotel_rooms`;

CREATE TABLE `self_hotel_rooms` (
  `id` int(11) NOT NULL AUTO_INCREMENT,
  `room_id` int(11) DEFAULT NULL,
  `type_room` varchar(255) CHARACTER SET utf8 DEFAULT NULL,
  `order_id` int(11) DEFAULT NULL,
  `state_room` varchar(4) CHARACTER SET utf8 DEFAULT NULL,
  `start_day` date DEFAULT NULL,
  `end_day` date DEFAULT NULL,
  PRIMARY KEY (`id`),
  UNIQUE KEY `self_hotel_rooms_id_uindex` (`id`)
) ENGINE=InnoDB DEFAULT CHARSET=utf8mb4 COMMENT='房间表';

/*Data for the table `self_hotel_rooms` */

/*Table structure for table `self_parking_cars` */

DROP TABLE IF EXISTS `self_parking_cars`;

CREATE TABLE `self_parking_cars` (
  `id` int(11) NOT NULL AUTO_INCREMENT,
  `car_id` varchar(255) DEFAULT NULL,
  `car_in_time` datetime DEFAULT NULL,
  `car_out_time` datetime DEFAULT NULL,
  `parking_cost` varchar(255) DEFAULT NULL,
  `state_parking` varchar(4) DEFAULT NULL,
  PRIMARY KEY (`id`),
  UNIQUE KEY `self_parking_cars_id_uindex` (`id`)
) ENGINE=InnoDB DEFAULT CHARSET=utf8 COMMENT='车辆表';

/*Data for the table `self_parking_cars` */

/*Table structure for table `self_ticket_prices` */

DROP TABLE IF EXISTS `self_ticket_prices`;

CREATE TABLE `self_ticket_prices` (
  `id` int(11) NOT NULL AUTO_INCREMENT,
  `type_ticket` varchar(255) DEFAULT NULL,
  `price_ticket` varchar(255) DEFAULT NULL,
  PRIMARY KEY (`id`),
  UNIQUE KEY `self_visit_prices_id_uindex` (`id`) USING BTREE
) ENGINE=InnoDB DEFAULT CHARSET=utf8 COMMENT='票价表';

/*Data for the table `self_ticket_prices` */

/*Table structure for table `self_ticket_services` */

DROP TABLE IF EXISTS `self_ticket_services`;

CREATE TABLE `self_ticket_services` (
  `id` int(11) NOT NULL AUTO_INCREMENT,
  `ticket_id` int(11) DEFAULT NULL,
  `cn_id` varchar(255) DEFAULT NULL,
  `scheduled_date` datetime DEFAULT NULL,
  `visitor_in_time` datetime DEFAULT NULL,
  `visitor_out_time` datetime DEFAULT NULL,
  `state_visit` varchar(4) DEFAULT NULL,
  `type_ticket` varchar(255) DEFAULT NULL,
  PRIMARY KEY (`id`),
  UNIQUE KEY `self_visit_victors_id_uindex` (`id`)
) ENGINE=InnoDB DEFAULT CHARSET=utf8 COMMENT='票务表';

/*Data for the table `self_ticket_services` */

/*Table structure for table `self_visitors` */

DROP TABLE IF EXISTS `self_visitors`;

CREATE TABLE `self_visitors` (
  `id` int(11) NOT NULL AUTO_INCREMENT,
  `cn_id` varchar(255) NOT NULL,
  `visitors_name` varchar(255) DEFAULT NULL,
  `phone_number` varchar(255) DEFAULT NULL,
  `order_id` int(11) DEFAULT NULL,
  `ticket_id` int(11) DEFAULT NULL,
  PRIMARY KEY (`id`),
  UNIQUE KEY `self_visitors_cn_id_uindex` (`cn_id`),
  UNIQUE KEY `self_visitors_id_uindex` (`id`)
) ENGINE=InnoDB DEFAULT CHARSET=utf8 COMMENT='游客表';

/*Data for the table `self_visitors` */

/*Table structure for table `sys_config` */

DROP TABLE IF EXISTS `sys_config`;

CREATE TABLE `sys_config` (
  `config_id` int(5) NOT NULL AUTO_INCREMENT COMMENT '参数主键',
  `config_name` varchar(100) DEFAULT '' COMMENT '参数名称',
  `config_key` varchar(100) DEFAULT '' COMMENT '参数键名',
  `config_value` varchar(500) DEFAULT '' COMMENT '参数键值',
  `config_type` char(1) DEFAULT 'N' COMMENT '系统内置（Y是 N否）',
  `create_by` varchar(64) DEFAULT '' COMMENT '创建者',
  `create_time` datetime DEFAULT NULL COMMENT '创建时间',
  `update_by` varchar(64) DEFAULT '' COMMENT '更新者',
  `update_time` datetime DEFAULT NULL COMMENT '更新时间',
  `remark` varchar(500) DEFAULT NULL COMMENT '备注',
  PRIMARY KEY (`config_id`)
) ENGINE=InnoDB AUTO_INCREMENT=7 DEFAULT CHARSET=utf8 COMMENT='参数配置表';

/*Data for the table `sys_config` */

insert  into `sys_config`(`config_id`,`config_name`,`config_key`,`config_value`,`config_type`,`create_by`,`create_time`,`update_by`,`update_time`,`remark`) values (1,'主框架页-默认皮肤样式名称','sys.index.skinName','skin-blue','Y','admin','2023-06-23 16:06:59','',NULL,'蓝色 skin-blue、绿色 skin-green、紫色 skin-purple、红色 skin-red、黄色 skin-yellow'),(2,'用户管理-账号初始密码','sys.user.initPassword','123456','Y','admin','2023-06-23 16:06:59','',NULL,'初始化密码 123456'),(3,'主框架页-侧边栏主题','sys.index.sideTheme','theme-dark','Y','admin','2023-06-23 16:06:59','',NULL,'深色主题theme-dark，浅色主题theme-light'),(4,'账号自助-验证码开关','sys.account.captchaEnabled','true','Y','admin','2023-06-23 16:06:59','',NULL,'是否开启验证码功能（true开启，false关闭）'),(5,'账号自助-是否开启用户注册功能','sys.account.registerUser','false','Y','admin','2023-06-23 16:06:59','',NULL,'是否开启注册用户功能（true开启，false关闭）'),(6,'用户登录-黑名单列表','sys.login.blackIPList','','Y','admin','2023-06-23 16:06:59','',NULL,'设置登录IP黑名单限制，多个匹配项以;分隔，支持匹配（*通配、网段）');

/*Table structure for table `sys_dept` */

DROP TABLE IF EXISTS `sys_dept`;

CREATE TABLE `sys_dept` (
  `dept_id` bigint(20) NOT NULL AUTO_INCREMENT COMMENT '部门id',
  `parent_id` bigint(20) DEFAULT '0' COMMENT '父部门id',
  `ancestors` varchar(50) DEFAULT '' COMMENT '祖级列表',
  `dept_name` varchar(30) DEFAULT '' COMMENT '部门名称',
  `order_num` int(4) DEFAULT '0' COMMENT '显示顺序',
  `leader` varchar(20) DEFAULT NULL COMMENT '负责人',
  `phone` varchar(11) DEFAULT NULL COMMENT '联系电话',
  `email` varchar(50) DEFAULT NULL COMMENT '邮箱',
  `status` char(1) DEFAULT '0' COMMENT '部门状态（0正常 1停用）',
  `del_flag` char(1) DEFAULT '0' COMMENT '删除标志（0代表存在 2代表删除）',
  `create_by` varchar(64) DEFAULT '' COMMENT '创建者',
  `create_time` datetime DEFAULT NULL COMMENT '创建时间',
  `update_by` varchar(64) DEFAULT '' COMMENT '更新者',
  `update_time` datetime DEFAULT NULL COMMENT '更新时间',
  PRIMARY KEY (`dept_id`)
) ENGINE=InnoDB AUTO_INCREMENT=110 DEFAULT CHARSET=utf8 COMMENT='部门表';

/*Data for the table `sys_dept` */

insert  into `sys_dept`(`dept_id`,`parent_id`,`ancestors`,`dept_name`,`order_num`,`leader`,`phone`,`email`,`status`,`del_flag`,`create_by`,`create_time`,`update_by`,`update_time`) values (100,0,'0','若依科技',0,'若依','15888888888','ry@qq.com','0','0','admin','2023-06-23 16:06:59','',NULL),(101,100,'0,100','深圳总公司',1,'若依','15888888888','ry@qq.com','0','0','admin','2023-06-23 16:06:59','',NULL),(102,100,'0,100','长沙分公司',2,'若依','15888888888','ry@qq.com','0','0','admin','2023-06-23 16:06:59','',NULL),(103,101,'0,100,101','研发部门',1,'若依','15888888888','ry@qq.com','0','0','admin','2023-06-23 16:06:59','',NULL),(104,101,'0,100,101','市场部门',2,'若依','15888888888','ry@qq.com','0','0','admin','2023-06-23 16:06:59','',NULL),(105,101,'0,100,101','测试部门',3,'若依','15888888888','ry@qq.com','0','0','admin','2023-06-23 16:06:59','',NULL),(106,101,'0,100,101','财务部门',4,'若依','15888888888','ry@qq.com','0','0','admin','2023-06-23 16:06:59','',NULL),(107,101,'0,100,101','运维部门',5,'若依','15888888888','ry@qq.com','0','0','admin','2023-06-23 16:06:59','',NULL),(108,102,'0,100,102','市场部门',1,'若依','15888888888','ry@qq.com','0','0','admin','2023-06-23 16:06:59','',NULL),(109,102,'0,100,102','财务部门',2,'若依','15888888888','ry@qq.com','0','0','admin','2023-06-23 16:06:59','',NULL);

/*Table structure for table `sys_dict_data` */

DROP TABLE IF EXISTS `sys_dict_data`;

CREATE TABLE `sys_dict_data` (
  `dict_code` bigint(20) NOT NULL AUTO_INCREMENT COMMENT '字典编码',
  `dict_sort` int(4) DEFAULT '0' COMMENT '字典排序',
  `dict_label` varchar(100) DEFAULT '' COMMENT '字典标签',
  `dict_value` varchar(100) DEFAULT '' COMMENT '字典键值',
  `dict_type` varchar(100) DEFAULT '' COMMENT '字典类型',
  `css_class` varchar(100) DEFAULT NULL COMMENT '样式属性（其他样式扩展）',
  `list_class` varchar(100) DEFAULT NULL COMMENT '表格回显样式',
  `is_default` char(1) DEFAULT 'N' COMMENT '是否默认（Y是 N否）',
  `status` char(1) DEFAULT '0' COMMENT '状态（0正常 1停用）',
  `create_by` varchar(64) DEFAULT '' COMMENT '创建者',
  `create_time` datetime DEFAULT NULL COMMENT '创建时间',
  `update_by` varchar(64) DEFAULT '' COMMENT '更新者',
  `update_time` datetime DEFAULT NULL COMMENT '更新时间',
  `remark` varchar(500) DEFAULT NULL COMMENT '备注',
  PRIMARY KEY (`dict_code`)
) ENGINE=InnoDB AUTO_INCREMENT=30 DEFAULT CHARSET=utf8 COMMENT='字典数据表';

/*Data for the table `sys_dict_data` */

insert  into `sys_dict_data`(`dict_code`,`dict_sort`,`dict_label`,`dict_value`,`dict_type`,`css_class`,`list_class`,`is_default`,`status`,`create_by`,`create_time`,`update_by`,`update_time`,`remark`) values (1,1,'男','0','sys_user_sex','','','Y','0','admin','2023-06-23 16:06:59','',NULL,'性别男'),(2,2,'女','1','sys_user_sex','','','N','0','admin','2023-06-23 16:06:59','',NULL,'性别女'),(3,3,'未知','2','sys_user_sex','','','N','0','admin','2023-06-23 16:06:59','',NULL,'性别未知'),(4,1,'显示','0','sys_show_hide','','primary','Y','0','admin','2023-06-23 16:06:59','',NULL,'显示菜单'),(5,2,'隐藏','1','sys_show_hide','','danger','N','0','admin','2023-06-23 16:06:59','',NULL,'隐藏菜单'),(6,1,'正常','0','sys_normal_disable','','primary','Y','0','admin','2023-06-23 16:06:59','',NULL,'正常状态'),(7,2,'停用','1','sys_normal_disable','','danger','N','0','admin','2023-06-23 16:06:59','',NULL,'停用状态'),(8,1,'正常','0','sys_job_status','','primary','Y','0','admin','2023-06-23 16:06:59','',NULL,'正常状态'),(9,2,'暂停','1','sys_job_status','','danger','N','0','admin','2023-06-23 16:06:59','',NULL,'停用状态'),(10,1,'默认','DEFAULT','sys_job_group','','','Y','0','admin','2023-06-23 16:06:59','',NULL,'默认分组'),(11,2,'系统','SYSTEM','sys_job_group','','','N','0','admin','2023-06-23 16:06:59','',NULL,'系统分组'),(12,1,'是','Y','sys_yes_no','','primary','Y','0','admin','2023-06-23 16:06:59','',NULL,'系统默认是'),(13,2,'否','N','sys_yes_no','','danger','N','0','admin','2023-06-23 16:06:59','',NULL,'系统默认否'),(14,1,'通知','1','sys_notice_type','','warning','Y','0','admin','2023-06-23 16:06:59','',NULL,'通知'),(15,2,'公告','2','sys_notice_type','','success','N','0','admin','2023-06-23 16:06:59','',NULL,'公告'),(16,1,'正常','0','sys_notice_status','','primary','Y','0','admin','2023-06-23 16:06:59','',NULL,'正常状态'),(17,2,'关闭','1','sys_notice_status','','danger','N','0','admin','2023-06-23 16:06:59','',NULL,'关闭状态'),(18,99,'其他','0','sys_oper_type','','info','N','0','admin','2023-06-23 16:06:59','',NULL,'其他操作'),(19,1,'新增','1','sys_oper_type','','info','N','0','admin','2023-06-23 16:06:59','',NULL,'新增操作'),(20,2,'修改','2','sys_oper_type','','info','N','0','admin','2023-06-23 16:06:59','',NULL,'修改操作'),(21,3,'删除','3','sys_oper_type','','danger','N','0','admin','2023-06-23 16:06:59','',NULL,'删除操作'),(22,4,'授权','4','sys_oper_type','','primary','N','0','admin','2023-06-23 16:06:59','',NULL,'授权操作'),(23,5,'导出','5','sys_oper_type','','warning','N','0','admin','2023-06-23 16:06:59','',NULL,'导出操作'),(24,6,'导入','6','sys_oper_type','','warning','N','0','admin','2023-06-23 16:06:59','',NULL,'导入操作'),(25,7,'强退','7','sys_oper_type','','danger','N','0','admin','2023-06-23 16:06:59','',NULL,'强退操作'),(26,8,'生成代码','8','sys_oper_type','','warning','N','0','admin','2023-06-23 16:06:59','',NULL,'生成操作'),(27,9,'清空数据','9','sys_oper_type','','danger','N','0','admin','2023-06-23 16:06:59','',NULL,'清空操作'),(28,1,'成功','0','sys_common_status','','primary','N','0','admin','2023-06-23 16:06:59','',NULL,'正常状态'),(29,2,'失败','1','sys_common_status','','danger','N','0','admin','2023-06-23 16:06:59','',NULL,'停用状态');

/*Table structure for table `sys_dict_type` */

DROP TABLE IF EXISTS `sys_dict_type`;

CREATE TABLE `sys_dict_type` (
  `dict_id` bigint(20) NOT NULL AUTO_INCREMENT COMMENT '字典主键',
  `dict_name` varchar(100) DEFAULT '' COMMENT '字典名称',
  `dict_type` varchar(100) DEFAULT '' COMMENT '字典类型',
  `status` char(1) DEFAULT '0' COMMENT '状态（0正常 1停用）',
  `create_by` varchar(64) DEFAULT '' COMMENT '创建者',
  `create_time` datetime DEFAULT NULL COMMENT '创建时间',
  `update_by` varchar(64) DEFAULT '' COMMENT '更新者',
  `update_time` datetime DEFAULT NULL COMMENT '更新时间',
  `remark` varchar(500) DEFAULT NULL COMMENT '备注',
  PRIMARY KEY (`dict_id`),
  UNIQUE KEY `dict_type` (`dict_type`)
) ENGINE=InnoDB AUTO_INCREMENT=11 DEFAULT CHARSET=utf8 COMMENT='字典类型表';

/*Data for the table `sys_dict_type` */

insert  into `sys_dict_type`(`dict_id`,`dict_name`,`dict_type`,`status`,`create_by`,`create_time`,`update_by`,`update_time`,`remark`) values (1,'用户性别','sys_user_sex','0','admin','2023-06-23 16:06:59','',NULL,'用户性别列表'),(2,'菜单状态','sys_show_hide','0','admin','2023-06-23 16:06:59','',NULL,'菜单状态列表'),(3,'系统开关','sys_normal_disable','0','admin','2023-06-23 16:06:59','',NULL,'系统开关列表'),(4,'任务状态','sys_job_status','0','admin','2023-06-23 16:06:59','',NULL,'任务状态列表'),(5,'任务分组','sys_job_group','0','admin','2023-06-23 16:06:59','',NULL,'任务分组列表'),(6,'系统是否','sys_yes_no','0','admin','2023-06-23 16:06:59','',NULL,'系统是否列表'),(7,'通知类型','sys_notice_type','0','admin','2023-06-23 16:06:59','',NULL,'通知类型列表'),(8,'通知状态','sys_notice_status','0','admin','2023-06-23 16:06:59','',NULL,'通知状态列表'),(9,'操作类型','sys_oper_type','0','admin','2023-06-23 16:06:59','',NULL,'操作类型列表'),(10,'系统状态','sys_common_status','0','admin','2023-06-23 16:06:59','',NULL,'登录状态列表');

/*Table structure for table `sys_job` */

DROP TABLE IF EXISTS `sys_job`;

CREATE TABLE `sys_job` (
  `job_id` bigint(20) NOT NULL AUTO_INCREMENT COMMENT '任务ID',
  `job_name` varchar(64) NOT NULL DEFAULT '' COMMENT '任务名称',
  `job_group` varchar(64) NOT NULL DEFAULT 'DEFAULT' COMMENT '任务组名',
  `invoke_target` varchar(500) NOT NULL COMMENT '调用目标字符串',
  `cron_expression` varchar(255) DEFAULT '' COMMENT 'cron执行表达式',
  `misfire_policy` varchar(20) DEFAULT '3' COMMENT '计划执行错误策略（1立即执行 2执行一次 3放弃执行）',
  `concurrent` char(1) DEFAULT '1' COMMENT '是否并发执行（0允许 1禁止）',
  `status` char(1) DEFAULT '0' COMMENT '状态（0正常 1暂停）',
  `create_by` varchar(64) DEFAULT '' COMMENT '创建者',
  `create_time` datetime DEFAULT NULL COMMENT '创建时间',
  `update_by` varchar(64) DEFAULT '' COMMENT '更新者',
  `update_time` datetime DEFAULT NULL COMMENT '更新时间',
  `remark` varchar(500) DEFAULT '' COMMENT '备注信息',
  PRIMARY KEY (`job_id`,`job_name`,`job_group`)
) ENGINE=InnoDB AUTO_INCREMENT=4 DEFAULT CHARSET=utf8 COMMENT='定时任务调度表';

/*Data for the table `sys_job` */

insert  into `sys_job`(`job_id`,`job_name`,`job_group`,`invoke_target`,`cron_expression`,`misfire_policy`,`concurrent`,`status`,`create_by`,`create_time`,`update_by`,`update_time`,`remark`) values (1,'系统默认（无参）','DEFAULT','ryTask.ryNoParams','0/10 * * * * ?','3','1','1','admin','2023-06-23 16:06:59','',NULL,''),(2,'系统默认（有参）','DEFAULT','ryTask.ryParams(\'ry\')','0/15 * * * * ?','3','1','1','admin','2023-06-23 16:06:59','',NULL,''),(3,'系统默认（多参）','DEFAULT','ryTask.ryMultipleParams(\'ry\', true, 2000L, 316.50D, 100)','0/20 * * * * ?','3','1','1','admin','2023-06-23 16:06:59','',NULL,'');

/*Table structure for table `sys_job_log` */

DROP TABLE IF EXISTS `sys_job_log`;

CREATE TABLE `sys_job_log` (
  `job_log_id` bigint(20) NOT NULL AUTO_INCREMENT COMMENT '任务日志ID',
  `job_name` varchar(64) NOT NULL COMMENT '任务名称',
  `job_group` varchar(64) NOT NULL COMMENT '任务组名',
  `invoke_target` varchar(500) NOT NULL COMMENT '调用目标字符串',
  `job_message` varchar(500) DEFAULT NULL COMMENT '日志信息',
  `status` char(1) DEFAULT '0' COMMENT '执行状态（0正常 1失败）',
  `exception_info` varchar(2000) DEFAULT '' COMMENT '异常信息',
  `create_time` datetime DEFAULT NULL COMMENT '创建时间',
  PRIMARY KEY (`job_log_id`)
) ENGINE=InnoDB DEFAULT CHARSET=utf8 COMMENT='定时任务调度日志表';

/*Data for the table `sys_job_log` */

/*Table structure for table `sys_logininfor` */

DROP TABLE IF EXISTS `sys_logininfor`;

CREATE TABLE `sys_logininfor` (
  `info_id` bigint(20) NOT NULL AUTO_INCREMENT COMMENT '访问ID',
  `user_name` varchar(50) DEFAULT '' COMMENT '用户账号',
  `ipaddr` varchar(128) DEFAULT '' COMMENT '登录IP地址',
  `login_location` varchar(255) DEFAULT '' COMMENT '登录地点',
  `browser` varchar(50) DEFAULT '' COMMENT '浏览器类型',
  `os` varchar(50) DEFAULT '' COMMENT '操作系统',
  `status` char(1) DEFAULT '0' COMMENT '登录状态（0成功 1失败）',
  `msg` varchar(255) DEFAULT '' COMMENT '提示消息',
  `login_time` datetime DEFAULT NULL COMMENT '访问时间',
  PRIMARY KEY (`info_id`),
  KEY `idx_sys_logininfor_s` (`status`),
  KEY `idx_sys_logininfor_lt` (`login_time`)
) ENGINE=InnoDB AUTO_INCREMENT=117 DEFAULT CHARSET=utf8 COMMENT='系统访问记录';

/*Data for the table `sys_logininfor` */

insert  into `sys_logininfor`(`info_id`,`user_name`,`ipaddr`,`login_location`,`browser`,`os`,`status`,`msg`,`login_time`) values (100,'admin','127.0.0.1','内网IP','Chrome 11','Windows 10','0','登录成功','2023-06-24 09:38:50'),(101,'admin','127.0.0.1','内网IP','Chrome 11','Windows 10','0','登录成功','2023-06-24 11:34:48'),(102,'admin','127.0.0.1','内网IP','Chrome 11','Windows 10','0','登录成功','2023-06-25 10:12:32'),(103,'admin','127.0.0.1','内网IP','Chrome 11','Windows 10','0','登录成功','2023-06-25 16:44:41'),(104,'admin','127.0.0.1','内网IP','Chrome 11','Windows 10','0','登录成功','2023-06-26 09:20:27'),(105,'admin','127.0.0.1','内网IP','Chrome 11','Windows 10','0','登录成功','2023-06-26 10:00:45'),(106,'admin','127.0.0.1','内网IP','Chrome 11','Windows 10','0','登录成功','2023-06-26 10:11:47'),(107,'admin','127.0.0.1','内网IP','Chrome 11','Windows 10','0','登录成功','2023-06-26 11:16:40'),(108,'admin','127.0.0.1','内网IP','Chrome 11','Windows 10','0','登录成功','2023-06-26 11:51:29'),(109,'admin','127.0.0.1','内网IP','Chrome 11','Windows 10','0','登录成功','2023-06-26 11:58:38'),(110,'admin','127.0.0.1','内网IP','Chrome 11','Windows 10','0','登录成功','2023-06-26 13:15:03'),(111,'admin','127.0.0.1','内网IP','Chrome 11','Windows 10','0','登录成功','2023-06-26 14:08:14'),(112,'admin','127.0.0.1','内网IP','Chrome 11','Windows 10','0','登录成功','2023-06-26 14:24:45'),(113,'admin','127.0.0.1','内网IP','Chrome 11','Windows 10','1','验证码错误','2023-06-26 19:42:52'),(114,'admin','127.0.0.1','内网IP','Chrome 11','Windows 10','0','登录成功','2023-06-26 19:42:55'),(115,'admin','127.0.0.1','内网IP','Chrome 11','Windows 10','1','验证码错误','2023-06-27 08:57:01'),(116,'admin','127.0.0.1','内网IP','Chrome 11','Windows 10','0','登录成功','2023-06-27 08:57:06');

/*Table structure for table `sys_menu` */

DROP TABLE IF EXISTS `sys_menu`;

CREATE TABLE `sys_menu` (
  `menu_id` bigint(20) NOT NULL AUTO_INCREMENT COMMENT '菜单ID',
  `menu_name` varchar(50) NOT NULL COMMENT '菜单名称',
  `parent_id` bigint(20) DEFAULT '0' COMMENT '父菜单ID',
  `order_num` int(4) DEFAULT '0' COMMENT '显示顺序',
  `path` varchar(200) DEFAULT '' COMMENT '路由地址',
  `component` varchar(255) DEFAULT NULL COMMENT '组件路径',
  `query` varchar(255) DEFAULT NULL COMMENT '路由参数',
  `is_frame` int(1) DEFAULT '1' COMMENT '是否为外链（0是 1否）',
  `is_cache` int(1) DEFAULT '0' COMMENT '是否缓存（0缓存 1不缓存）',
  `menu_type` char(1) DEFAULT '' COMMENT '菜单类型（M目录 C菜单 F按钮）',
  `visible` char(1) DEFAULT '0' COMMENT '菜单状态（0显示 1隐藏）',
  `status` char(1) DEFAULT '0' COMMENT '菜单状态（0正常 1停用）',
  `perms` varchar(100) DEFAULT NULL COMMENT '权限标识',
  `icon` varchar(100) DEFAULT '#' COMMENT '菜单图标',
  `create_by` varchar(64) DEFAULT '' COMMENT '创建者',
  `create_time` datetime DEFAULT NULL COMMENT '创建时间',
  `update_by` varchar(64) DEFAULT '' COMMENT '更新者',
  `update_time` datetime DEFAULT NULL COMMENT '更新时间',
  `remark` varchar(500) DEFAULT '' COMMENT '备注',
  PRIMARY KEY (`menu_id`)
) ENGINE=InnoDB AUTO_INCREMENT=2134 DEFAULT CHARSET=utf8 COMMENT='菜单权限表';

/*Data for the table `sys_menu` */

insert  into `sys_menu`(`menu_id`,`menu_name`,`parent_id`,`order_num`,`path`,`component`,`query`,`is_frame`,`is_cache`,`menu_type`,`visible`,`status`,`perms`,`icon`,`create_by`,`create_time`,`update_by`,`update_time`,`remark`) values (1,'系统管理',0,1,'system',NULL,'',1,0,'M','0','0','','system','admin','2023-06-23 16:06:59','',NULL,'系统管理目录'),(2,'系统监控',0,2,'monitor',NULL,'',1,0,'M','0','0','','monitor','admin','2023-06-23 16:06:59','',NULL,'系统监控目录'),(3,'系统工具',0,3,'tool',NULL,'',1,0,'M','0','0','','tool','admin','2023-06-23 16:06:59','',NULL,'系统工具目录'),(4,'若依官网',0,4,'http://ruoyi.vip',NULL,'',0,0,'M','1','1','','guide','admin','2023-06-23 16:06:59','admin','2023-06-26 10:23:18','若依官网地址'),(100,'用户管理',1,1,'user','system/user/index','',1,0,'C','0','0','system:user:list','user','admin','2023-06-23 16:06:59','',NULL,'用户管理菜单'),(101,'角色管理',1,2,'role','system/role/index','',1,0,'C','0','0','system:role:list','peoples','admin','2023-06-23 16:06:59','',NULL,'角色管理菜单'),(102,'菜单管理',1,3,'menu','system/menu/index','',1,0,'C','0','0','system:menu:list','tree-table','admin','2023-06-23 16:06:59','',NULL,'菜单管理菜单'),(103,'部门管理',1,4,'dept','system/dept/index','',1,0,'C','0','0','system:dept:list','tree','admin','2023-06-23 16:06:59','',NULL,'部门管理菜单'),(104,'岗位管理',1,5,'post','system/post/index','',1,0,'C','0','0','system:post:list','post','admin','2023-06-23 16:06:59','',NULL,'岗位管理菜单'),(105,'字典管理',1,6,'dict','system/dict/index','',1,0,'C','0','0','system:dict:list','dict','admin','2023-06-23 16:06:59','',NULL,'字典管理菜单'),(106,'参数设置',1,7,'config','system/config/index','',1,0,'C','0','0','system:config:list','edit','admin','2023-06-23 16:06:59','',NULL,'参数设置菜单'),(107,'通知公告',1,8,'notice','system/notice/index','',1,0,'C','0','0','system:notice:list','message','admin','2023-06-23 16:06:59','',NULL,'通知公告菜单'),(108,'日志管理',1,9,'log','','',1,0,'M','0','0','','log','admin','2023-06-23 16:06:59','',NULL,'日志管理菜单'),(109,'在线用户',2,1,'online','monitor/online/index','',1,0,'C','0','0','monitor:online:list','online','admin','2023-06-23 16:06:59','',NULL,'在线用户菜单'),(110,'定时任务',2,2,'job','monitor/job/index','',1,0,'C','0','0','monitor:job:list','job','admin','2023-06-23 16:06:59','',NULL,'定时任务菜单'),(111,'数据监控',2,3,'druid','monitor/druid/index','',1,0,'C','0','0','monitor:druid:list','druid','admin','2023-06-23 16:06:59','',NULL,'数据监控菜单'),(112,'服务监控',2,4,'server','monitor/server/index','',1,0,'C','0','0','monitor:server:list','server','admin','2023-06-23 16:06:59','',NULL,'服务监控菜单'),(113,'缓存监控',2,5,'cache','monitor/cache/index','',1,0,'C','0','0','monitor:cache:list','redis','admin','2023-06-23 16:06:59','',NULL,'缓存监控菜单'),(114,'缓存列表',2,6,'cacheList','monitor/cache/list','',1,0,'C','0','0','monitor:cache:list','redis-list','admin','2023-06-23 16:06:59','',NULL,'缓存列表菜单'),(115,'表单构建',3,1,'build','tool/build/index','',1,0,'C','0','0','tool:build:list','build','admin','2023-06-23 16:06:59','',NULL,'表单构建菜单'),(116,'代码生成',3,2,'gen','tool/gen/index','',1,0,'C','0','0','tool:gen:list','code','admin','2023-06-23 16:06:59','',NULL,'代码生成菜单'),(117,'系统接口',3,3,'swagger','tool/swagger/index','',1,0,'C','0','0','tool:swagger:list','swagger','admin','2023-06-23 16:06:59','',NULL,'系统接口菜单'),(500,'操作日志',108,1,'operlog','monitor/operlog/index','',1,0,'C','0','0','monitor:operlog:list','form','admin','2023-06-23 16:06:59','',NULL,'操作日志菜单'),(501,'登录日志',108,2,'logininfor','monitor/logininfor/index','',1,0,'C','0','0','monitor:logininfor:list','logininfor','admin','2023-06-23 16:06:59','',NULL,'登录日志菜单'),(1000,'用户查询',100,1,'','','',1,0,'F','0','0','system:user:query','#','admin','2023-06-23 16:06:59','',NULL,''),(1001,'用户新增',100,2,'','','',1,0,'F','0','0','system:user:add','#','admin','2023-06-23 16:06:59','',NULL,''),(1002,'用户修改',100,3,'','','',1,0,'F','0','0','system:user:edit','#','admin','2023-06-23 16:06:59','',NULL,''),(1003,'用户删除',100,4,'','','',1,0,'F','0','0','system:user:remove','#','admin','2023-06-23 16:06:59','',NULL,''),(1004,'用户导出',100,5,'','','',1,0,'F','0','0','system:user:export','#','admin','2023-06-23 16:06:59','',NULL,''),(1005,'用户导入',100,6,'','','',1,0,'F','0','0','system:user:import','#','admin','2023-06-23 16:06:59','',NULL,''),(1006,'重置密码',100,7,'','','',1,0,'F','0','0','system:user:resetPwd','#','admin','2023-06-23 16:06:59','',NULL,''),(1007,'角色查询',101,1,'','','',1,0,'F','0','0','system:role:query','#','admin','2023-06-23 16:06:59','',NULL,''),(1008,'角色新增',101,2,'','','',1,0,'F','0','0','system:role:add','#','admin','2023-06-23 16:06:59','',NULL,''),(1009,'角色修改',101,3,'','','',1,0,'F','0','0','system:role:edit','#','admin','2023-06-23 16:06:59','',NULL,''),(1010,'角色删除',101,4,'','','',1,0,'F','0','0','system:role:remove','#','admin','2023-06-23 16:06:59','',NULL,''),(1011,'角色导出',101,5,'','','',1,0,'F','0','0','system:role:export','#','admin','2023-06-23 16:06:59','',NULL,''),(1012,'菜单查询',102,1,'','','',1,0,'F','0','0','system:menu:query','#','admin','2023-06-23 16:06:59','',NULL,''),(1013,'菜单新增',102,2,'','','',1,0,'F','0','0','system:menu:add','#','admin','2023-06-23 16:06:59','',NULL,''),(1014,'菜单修改',102,3,'','','',1,0,'F','0','0','system:menu:edit','#','admin','2023-06-23 16:06:59','',NULL,''),(1015,'菜单删除',102,4,'','','',1,0,'F','0','0','system:menu:remove','#','admin','2023-06-23 16:06:59','',NULL,''),(1016,'部门查询',103,1,'','','',1,0,'F','0','0','system:dept:query','#','admin','2023-06-23 16:06:59','',NULL,''),(1017,'部门新增',103,2,'','','',1,0,'F','0','0','system:dept:add','#','admin','2023-06-23 16:06:59','',NULL,''),(1018,'部门修改',103,3,'','','',1,0,'F','0','0','system:dept:edit','#','admin','2023-06-23 16:06:59','',NULL,''),(1019,'部门删除',103,4,'','','',1,0,'F','0','0','system:dept:remove','#','admin','2023-06-23 16:06:59','',NULL,''),(1020,'岗位查询',104,1,'','','',1,0,'F','0','0','system:post:query','#','admin','2023-06-23 16:06:59','',NULL,''),(1021,'岗位新增',104,2,'','','',1,0,'F','0','0','system:post:add','#','admin','2023-06-23 16:06:59','',NULL,''),(1022,'岗位修改',104,3,'','','',1,0,'F','0','0','system:post:edit','#','admin','2023-06-23 16:06:59','',NULL,''),(1023,'岗位删除',104,4,'','','',1,0,'F','0','0','system:post:remove','#','admin','2023-06-23 16:06:59','',NULL,''),(1024,'岗位导出',104,5,'','','',1,0,'F','0','0','system:post:export','#','admin','2023-06-23 16:06:59','',NULL,''),(1025,'字典查询',105,1,'#','','',1,0,'F','0','0','system:dict:query','#','admin','2023-06-23 16:06:59','',NULL,''),(1026,'字典新增',105,2,'#','','',1,0,'F','0','0','system:dict:add','#','admin','2023-06-23 16:06:59','',NULL,''),(1027,'字典修改',105,3,'#','','',1,0,'F','0','0','system:dict:edit','#','admin','2023-06-23 16:06:59','',NULL,''),(1028,'字典删除',105,4,'#','','',1,0,'F','0','0','system:dict:remove','#','admin','2023-06-23 16:06:59','',NULL,''),(1029,'字典导出',105,5,'#','','',1,0,'F','0','0','system:dict:export','#','admin','2023-06-23 16:06:59','',NULL,''),(1030,'参数查询',106,1,'#','','',1,0,'F','0','0','system:config:query','#','admin','2023-06-23 16:06:59','',NULL,''),(1031,'参数新增',106,2,'#','','',1,0,'F','0','0','system:config:add','#','admin','2023-06-23 16:06:59','',NULL,''),(1032,'参数修改',106,3,'#','','',1,0,'F','0','0','system:config:edit','#','admin','2023-06-23 16:06:59','',NULL,''),(1033,'参数删除',106,4,'#','','',1,0,'F','0','0','system:config:remove','#','admin','2023-06-23 16:06:59','',NULL,''),(1034,'参数导出',106,5,'#','','',1,0,'F','0','0','system:config:export','#','admin','2023-06-23 16:06:59','',NULL,''),(1035,'公告查询',107,1,'#','','',1,0,'F','0','0','system:notice:query','#','admin','2023-06-23 16:06:59','',NULL,''),(1036,'公告新增',107,2,'#','','',1,0,'F','0','0','system:notice:add','#','admin','2023-06-23 16:06:59','',NULL,''),(1037,'公告修改',107,3,'#','','',1,0,'F','0','0','system:notice:edit','#','admin','2023-06-23 16:06:59','',NULL,''),(1038,'公告删除',107,4,'#','','',1,0,'F','0','0','system:notice:remove','#','admin','2023-06-23 16:06:59','',NULL,''),(1039,'操作查询',500,1,'#','','',1,0,'F','0','0','monitor:operlog:query','#','admin','2023-06-23 16:06:59','',NULL,''),(1040,'操作删除',500,2,'#','','',1,0,'F','0','0','monitor:operlog:remove','#','admin','2023-06-23 16:06:59','',NULL,''),(1041,'日志导出',500,3,'#','','',1,0,'F','0','0','monitor:operlog:export','#','admin','2023-06-23 16:06:59','',NULL,''),(1042,'登录查询',501,1,'#','','',1,0,'F','0','0','monitor:logininfor:query','#','admin','2023-06-23 16:06:59','',NULL,''),(1043,'登录删除',501,2,'#','','',1,0,'F','0','0','monitor:logininfor:remove','#','admin','2023-06-23 16:06:59','',NULL,''),(1044,'日志导出',501,3,'#','','',1,0,'F','0','0','monitor:logininfor:export','#','admin','2023-06-23 16:06:59','',NULL,''),(1045,'账户解锁',501,4,'#','','',1,0,'F','0','0','monitor:logininfor:unlock','#','admin','2023-06-23 16:06:59','',NULL,''),(1046,'在线查询',109,1,'#','','',1,0,'F','0','0','monitor:online:query','#','admin','2023-06-23 16:06:59','',NULL,''),(1047,'批量强退',109,2,'#','','',1,0,'F','0','0','monitor:online:batchLogout','#','admin','2023-06-23 16:06:59','',NULL,''),(1048,'单条强退',109,3,'#','','',1,0,'F','0','0','monitor:online:forceLogout','#','admin','2023-06-23 16:06:59','',NULL,''),(1049,'任务查询',110,1,'#','','',1,0,'F','0','0','monitor:job:query','#','admin','2023-06-23 16:06:59','',NULL,''),(1050,'任务新增',110,2,'#','','',1,0,'F','0','0','monitor:job:add','#','admin','2023-06-23 16:06:59','',NULL,''),(1051,'任务修改',110,3,'#','','',1,0,'F','0','0','monitor:job:edit','#','admin','2023-06-23 16:06:59','',NULL,''),(1052,'任务删除',110,4,'#','','',1,0,'F','0','0','monitor:job:remove','#','admin','2023-06-23 16:06:59','',NULL,''),(1053,'状态修改',110,5,'#','','',1,0,'F','0','0','monitor:job:changeStatus','#','admin','2023-06-23 16:06:59','',NULL,''),(1054,'任务导出',110,6,'#','','',1,0,'F','0','0','monitor:job:export','#','admin','2023-06-23 16:06:59','',NULL,''),(1055,'生成查询',116,1,'#','','',1,0,'F','0','0','tool:gen:query','#','admin','2023-06-23 16:06:59','',NULL,''),(1056,'生成修改',116,2,'#','','',1,0,'F','0','0','tool:gen:edit','#','admin','2023-06-23 16:06:59','',NULL,''),(1057,'生成删除',116,3,'#','','',1,0,'F','0','0','tool:gen:remove','#','admin','2023-06-23 16:06:59','',NULL,''),(1058,'导入代码',116,4,'#','','',1,0,'F','0','0','tool:gen:import','#','admin','2023-06-23 16:06:59','',NULL,''),(1059,'预览代码',116,5,'#','','',1,0,'F','0','0','tool:gen:preview','#','admin','2023-06-23 16:06:59','',NULL,''),(1060,'生成代码',116,6,'#','','',1,0,'F','0','0','tool:gen:code','#','admin','2023-06-23 16:06:59','',NULL,''),(2000,'平台管理',0,5,'platform',NULL,NULL,1,0,'M','0','0',NULL,'bug','admin','2023-06-26 09:23:38','',NULL,''),(2115,'考勤信息',2000,1,'attendances','system/attendances/index',NULL,1,0,'C','0','0','system:attendances:list','404','admin','2023-06-26 14:02:20','admin','2023-06-26 14:14:55','考勤信息菜单'),(2121,'投诉菜单',2000,2,'complaints','system/complaints/index',NULL,1,0,'C','0','0','system:complaints:list','404','admin','2023-06-26 14:12:33','',NULL,''),(2122,'事件处理',2000,3,'emergencies','system/emergencies/index',NULL,1,0,'C','0','0','system:emergencies:list','404','admin','2023-06-26 14:16:21','',NULL,''),(2124,'酒店价格',2000,5,'hotel_prices','system/hotel_prices/index',NULL,1,0,'C','0','0','system:hotel_prices:list','404','admin','2023-06-26 14:17:59','admin','2023-06-26 14:19:42',''),(2125,'酒店房间',2000,6,'rooms','system/rooms/index',NULL,1,0,'C','0','0','system:rooms:list','404','admin','2023-06-26 14:18:40','admin','2023-06-26 14:19:46',''),(2126,'停车场管理',2000,7,'cars','system/cars/index',NULL,1,0,'C','0','0','system:cars:list','404','admin','2023-06-26 14:19:35','admin','2023-06-26 14:19:50',''),(2127,'游客信息',2000,8,'visitors','system/visitors/index',NULL,1,0,'C','0','0','system:visitors:list','404','admin','2023-06-26 14:20:30','',NULL,''),(2128,'门票信息',2000,9,'ticket_prices','system/ticket_prices/index',NULL,1,0,'C','0','0','system:ticket_prices:list','404','admin','2023-06-26 14:21:22','',NULL,''),(2129,'票务管理',2000,10,'ticket_services','system/ticket_services/index',NULL,1,0,'C','0','0','system:ticket_services:list','404','admin','2023-06-26 14:22:25','',NULL,''),(2130,'酒店管理',0,1,'hotel',NULL,NULL,1,0,'M','0','0',NULL,'#','admin','2023-06-26 16:28:28','',NULL,''),(2131,'酒店订单',2130,1,'order','hotel/orders/index',NULL,1,0,'C','0','0','hotel:orders:index','#','admin','2023-06-26 16:29:20','admin','2023-06-26 16:33:26',''),(2132,'酒店预约',2130,2,'reservation','hotel/reservation/index',NULL,1,0,'C','0','0','hotel:reservation:list','#','admin','2023-06-26 16:44:36','',NULL,''),(2133,'酒店退房',2130,3,'checkout','hotel/checkout/index',NULL,1,0,'C','0','0','hotel:checkout:list','#','admin','2023-06-26 16:52:58','',NULL,'');

/*Table structure for table `sys_notice` */

DROP TABLE IF EXISTS `sys_notice`;

CREATE TABLE `sys_notice` (
  `notice_id` int(4) NOT NULL AUTO_INCREMENT COMMENT '公告ID',
  `notice_title` varchar(50) NOT NULL COMMENT '公告标题',
  `notice_type` char(1) NOT NULL COMMENT '公告类型（1通知 2公告）',
  `notice_content` longblob COMMENT '公告内容',
  `status` char(1) DEFAULT '0' COMMENT '公告状态（0正常 1关闭）',
  `create_by` varchar(64) DEFAULT '' COMMENT '创建者',
  `create_time` datetime DEFAULT NULL COMMENT '创建时间',
  `update_by` varchar(64) DEFAULT '' COMMENT '更新者',
  `update_time` datetime DEFAULT NULL COMMENT '更新时间',
  `remark` varchar(255) DEFAULT NULL COMMENT '备注',
  PRIMARY KEY (`notice_id`)
) ENGINE=InnoDB AUTO_INCREMENT=3 DEFAULT CHARSET=utf8 COMMENT='通知公告表';

/*Data for the table `sys_notice` */

insert  into `sys_notice`(`notice_id`,`notice_title`,`notice_type`,`notice_content`,`status`,`create_by`,`create_time`,`update_by`,`update_time`,`remark`) values (1,'温馨提醒：2018-07-01 若依新版本发布啦','2','新版本内容','0','admin','2023-06-23 16:06:59','',NULL,'管理员'),(2,'维护通知：2018-07-01 若依系统凌晨维护','1','维护内容','0','admin','2023-06-23 16:06:59','',NULL,'管理员');

/*Table structure for table `sys_oper_log` */

DROP TABLE IF EXISTS `sys_oper_log`;

CREATE TABLE `sys_oper_log` (
  `oper_id` bigint(20) NOT NULL AUTO_INCREMENT COMMENT '日志主键',
  `title` varchar(50) DEFAULT '' COMMENT '模块标题',
  `business_type` int(2) DEFAULT '0' COMMENT '业务类型（0其它 1新增 2修改 3删除）',
  `method` varchar(100) DEFAULT '' COMMENT '方法名称',
  `request_method` varchar(10) DEFAULT '' COMMENT '请求方式',
  `operator_type` int(1) DEFAULT '0' COMMENT '操作类别（0其它 1后台用户 2手机端用户）',
  `oper_name` varchar(50) DEFAULT '' COMMENT '操作人员',
  `dept_name` varchar(50) DEFAULT '' COMMENT '部门名称',
  `oper_url` varchar(255) DEFAULT '' COMMENT '请求URL',
  `oper_ip` varchar(128) DEFAULT '' COMMENT '主机地址',
  `oper_location` varchar(255) DEFAULT '' COMMENT '操作地点',
  `oper_param` varchar(2000) DEFAULT '' COMMENT '请求参数',
  `json_result` varchar(2000) DEFAULT '' COMMENT '返回参数',
  `status` int(1) DEFAULT '0' COMMENT '操作状态（0正常 1异常）',
  `error_msg` varchar(2000) DEFAULT '' COMMENT '错误消息',
  `oper_time` datetime DEFAULT NULL COMMENT '操作时间',
  `cost_time` bigint(20) DEFAULT '0' COMMENT '消耗时间',
  PRIMARY KEY (`oper_id`),
  KEY `idx_sys_oper_log_bt` (`business_type`),
  KEY `idx_sys_oper_log_s` (`status`),
  KEY `idx_sys_oper_log_ot` (`oper_time`)
) ENGINE=InnoDB AUTO_INCREMENT=365 DEFAULT CHARSET=utf8 COMMENT='操作日志记录';

/*Data for the table `sys_oper_log` */

insert  into `sys_oper_log`(`oper_id`,`title`,`business_type`,`method`,`request_method`,`operator_type`,`oper_name`,`dept_name`,`oper_url`,`oper_ip`,`oper_location`,`oper_param`,`json_result`,`status`,`error_msg`,`oper_time`,`cost_time`) values (100,'代码生成',6,'com.ruoyi.generator.controller.GenController.importTableSave()','POST',1,'admin',NULL,'/tool/gen/importTable','127.0.0.1','内网IP','{\"tables\":\"self_visit_victors,self_visit_prices,self_parking_cars,self_hotel_rooms,self_hotel_prices,self_hotel_orders,self_emergencies,self_complaints,self_attendances,self_visitors\"}','{\"msg\":\"操作成功\",\"code\":200}',0,NULL,'2023-06-26 09:21:06',167),(101,'菜单管理',1,'com.ruoyi.web.controller.system.SysMenuController.add()','POST',1,'admin',NULL,'/system/menu','127.0.0.1','内网IP','{\"children\":[],\"createBy\":\"admin\",\"icon\":\"bug\",\"isCache\":\"0\",\"isFrame\":\"1\",\"menuName\":\"平台管理\",\"menuType\":\"M\",\"orderNum\":5,\"params\":{},\"parentId\":0,\"path\":\"platform\",\"status\":\"0\",\"visible\":\"0\"}','{\"msg\":\"操作成功\",\"code\":200}',0,NULL,'2023-06-26 09:23:38',11),(102,'代码生成',2,'com.ruoyi.generator.controller.GenController.editSave()','PUT',1,'admin',NULL,'/tool/gen','127.0.0.1','内网IP','{\"businessName\":\"attendances\",\"className\":\"SelfAttendances\",\"columns\":[{\"capJavaField\":\"Id\",\"columnComment\":\"员工ID\",\"columnId\":1,\"columnName\":\"id\",\"columnType\":\"int(11)\",\"createBy\":\"admin\",\"createTime\":\"2023-06-26 09:21:06\",\"dictType\":\"\",\"edit\":false,\"htmlType\":\"input\",\"increment\":true,\"insert\":true,\"isIncrement\":\"1\",\"isInsert\":\"1\",\"isPk\":\"1\",\"javaField\":\"id\",\"javaType\":\"Long\",\"list\":false,\"params\":{},\"pk\":true,\"query\":false,\"queryType\":\"EQ\",\"required\":false,\"sort\":1,\"superColumn\":false,\"tableId\":1,\"updateBy\":\"\",\"usableColumn\":false},{\"capJavaField\":\"EmployeeName\",\"columnComment\":\"员工名\",\"columnId\":2,\"columnName\":\"employee_name\",\"columnType\":\"varchar(255)\",\"createBy\":\"admin\",\"createTime\":\"2023-06-26 09:21:06\",\"dictType\":\"\",\"edit\":true,\"htmlType\":\"input\",\"increment\":false,\"insert\":true,\"isEdit\":\"1\",\"isIncrement\":\"0\",\"isInsert\":\"1\",\"isList\":\"1\",\"isPk\":\"0\",\"isQuery\":\"1\",\"javaField\":\"employeeName\",\"javaType\":\"String\",\"list\":true,\"params\":{},\"pk\":false,\"query\":true,\"queryType\":\"LIKE\",\"required\":false,\"sort\":2,\"superColumn\":false,\"tableId\":1,\"updateBy\":\"\",\"usableColumn\":false},{\"capJavaField\":\"StateCode\",\"columnComment\":\"缺勤状态\",\"columnId\":3,\"columnName\":\"state_code\",\"columnType\":\"varchar(4)\",\"createBy\":\"admin\",\"createTime\":\"2023-06-26 09:21:06\",\"dictType\":\"\",\"edit\":true,\"htmlType\":\"radio\",\"increment\":false,\"insert\":true,\"isEdit\":\"1\",\"isIncrement\":\"0\",\"isInsert\":\"1\",\"isList\":\"1\",\"isPk\":\"0\",\"isQuery\":\"1\",\"javaField\":\"stateCode\",\"javaType\":\"String\",\"list\":true,\"params\":{},\"pk\":false,\"query\":true,\"queryType\":\"EQ\",\"required\":false,\"sort\":3,\"superColumn\":false,\"tableId\":1,\"updateBy\":\"\",\"usableColumn\":false}],\"crud\":true,\"functionAuthor\":\"ruoyi\",\"functionName\":\"考勤信息\",\"genPath\":\"/\",\"genType\":\"0\",\"moduleName\":\"system\",\"options\":\"{\\\"parentMenuId\\\":2000}\",\"packageName\":\"com.ruoyi.system\",\"params\":{\"parentMenuId\":2000},\"parentMenuId\":\"2000\",\"sub\":false,\"tableComment\":\"考勤信息表\",\"tableId\":1,\"tableName\":\"self_attendances\",\"tplCategory\":\"crud\",\"tree\":false}','{\"msg\":\"操作成功\",\"code\":200}',0,NULL,'2023-06-26 09:27:18',18),(103,'代码生成',8,'com.ruoyi.generator.controller.GenController.batchGenCode()','GET',1,'admin',NULL,'/tool/gen/batchGenCode','127.0.0.1','内网IP','{\"tables\":\"self_attendances\"}',NULL,0,NULL,'2023-06-26 09:27:24',127),(104,'考勤信息',1,'com.ruoyi.system.controller.SelfAttendancesController.add()','POST',1,'admin',NULL,'/system/attendances','127.0.0.1','内网IP','{\"employeeName\":\"什么东西\",\"id\":1,\"params\":{}}','{\"msg\":\"操作成功\",\"code\":200}',0,NULL,'2023-06-26 09:30:21',87),(105,'代码生成',2,'com.ruoyi.generator.controller.GenController.editSave()','PUT',1,'admin',NULL,'/tool/gen','127.0.0.1','内网IP','{\"businessName\":\"attendances\",\"className\":\"SelfAttendances\",\"columns\":[{\"capJavaField\":\"Id\",\"columnComment\":\"员工ID\",\"columnId\":1,\"columnName\":\"id\",\"columnType\":\"int(11)\",\"createBy\":\"admin\",\"createTime\":\"2023-06-26 09:21:06\",\"dictType\":\"\",\"edit\":false,\"htmlType\":\"input\",\"increment\":true,\"insert\":true,\"isIncrement\":\"1\",\"isInsert\":\"1\",\"isPk\":\"1\",\"javaField\":\"id\",\"javaType\":\"Long\",\"list\":false,\"params\":{},\"pk\":true,\"query\":false,\"queryType\":\"EQ\",\"required\":false,\"sort\":1,\"superColumn\":false,\"tableId\":1,\"updateBy\":\"\",\"updateTime\":\"2023-06-26 09:27:18\",\"usableColumn\":false},{\"capJavaField\":\"EmployeeName\",\"columnComment\":\"员工名\",\"columnId\":2,\"columnName\":\"employee_name\",\"columnType\":\"varchar(255)\",\"createBy\":\"admin\",\"createTime\":\"2023-06-26 09:21:06\",\"dictType\":\"\",\"edit\":true,\"htmlType\":\"input\",\"increment\":false,\"insert\":true,\"isEdit\":\"1\",\"isIncrement\":\"0\",\"isInsert\":\"1\",\"isList\":\"1\",\"isPk\":\"0\",\"isQuery\":\"1\",\"javaField\":\"employeeName\",\"javaType\":\"String\",\"list\":true,\"params\":{},\"pk\":false,\"query\":true,\"queryType\":\"LIKE\",\"required\":false,\"sort\":2,\"superColumn\":false,\"tableId\":1,\"updateBy\":\"\",\"updateTime\":\"2023-06-26 09:27:18\",\"usableColumn\":false},{\"capJavaField\":\"StateCode\",\"columnComment\":\"缺勤状态\",\"columnId\":3,\"columnName\":\"state_code\",\"columnType\":\"varchar(4)\",\"createBy\":\"admin\",\"createTime\":\"2023-06-26 09:21:06\",\"dictType\":\"\",\"edit\":true,\"htmlType\":\"input\",\"increment\":false,\"insert\":true,\"isEdit\":\"1\",\"isIncrement\":\"0\",\"isInsert\":\"1\",\"isList\":\"1\",\"isPk\":\"0\",\"isQuery\":\"1\",\"javaField\":\"stateCode\",\"javaType\":\"String\",\"list\":true,\"params\":{},\"pk\":false,\"query\":true,\"queryType\":\"EQ\",\"required\":false,\"sort\":3,\"superColumn\":false,\"tableId\":1,\"updateBy\":\"\",\"updateTime\":\"2023-06-26 09:27:18\",\"usableColumn\":false}],\"crud\":true,\"functionAuthor\":\"ruoyi\",\"functionName\":\"考勤信息\",\"genPath\":\"/\",\"genType\":\"0\",\"moduleName\":\"system\",\"options\":\"{\\\"parentMenuId\\\":\\\"2000\\\"}\",\"packageName\":\"com.ruoyi.system\",\"params\":{\"parentMenuId\":\"2000\"},\"parentMenuId\":\"2000\",\"sub\":false,\"tableComment\":\"考勤信息表\",\"ta','{\"msg\":\"操作成功\",\"code\":200}',0,NULL,'2023-06-26 09:32:52',27),(106,'代码生成',2,'com.ruoyi.generator.controller.GenController.editSave()','PUT',1,'admin',NULL,'/tool/gen','127.0.0.1','内网IP','{\"businessName\":\"attendances\",\"className\":\"SelfAttendances\",\"columns\":[{\"capJavaField\":\"Id\",\"columnComment\":\"员工ID\",\"columnId\":1,\"columnName\":\"id\",\"columnType\":\"int(11)\",\"createBy\":\"admin\",\"createTime\":\"2023-06-26 09:21:06\",\"dictType\":\"\",\"edit\":true,\"htmlType\":\"input\",\"increment\":true,\"insert\":true,\"isEdit\":\"1\",\"isIncrement\":\"1\",\"isInsert\":\"1\",\"isList\":\"1\",\"isPk\":\"1\",\"isQuery\":\"1\",\"javaField\":\"id\",\"javaType\":\"Long\",\"list\":true,\"params\":{},\"pk\":true,\"query\":true,\"queryType\":\"EQ\",\"required\":false,\"sort\":1,\"superColumn\":false,\"tableId\":1,\"updateBy\":\"\",\"updateTime\":\"2023-06-26 09:32:52\",\"usableColumn\":false},{\"capJavaField\":\"EmployeeName\",\"columnComment\":\"员工名\",\"columnId\":2,\"columnName\":\"employee_name\",\"columnType\":\"varchar(255)\",\"createBy\":\"admin\",\"createTime\":\"2023-06-26 09:21:06\",\"dictType\":\"\",\"edit\":true,\"htmlType\":\"input\",\"increment\":false,\"insert\":true,\"isEdit\":\"1\",\"isIncrement\":\"0\",\"isInsert\":\"1\",\"isList\":\"1\",\"isPk\":\"0\",\"isQuery\":\"1\",\"javaField\":\"employeeName\",\"javaType\":\"String\",\"list\":true,\"params\":{},\"pk\":false,\"query\":true,\"queryType\":\"LIKE\",\"required\":false,\"sort\":2,\"superColumn\":false,\"tableId\":1,\"updateBy\":\"\",\"updateTime\":\"2023-06-26 09:32:52\",\"usableColumn\":false},{\"capJavaField\":\"StateCode\",\"columnComment\":\"缺勤状态\",\"columnId\":3,\"columnName\":\"state_code\",\"columnType\":\"varchar(4)\",\"createBy\":\"admin\",\"createTime\":\"2023-06-26 09:21:06\",\"dictType\":\"\",\"edit\":true,\"htmlType\":\"input\",\"increment\":false,\"insert\":true,\"isEdit\":\"1\",\"isIncrement\":\"0\",\"isInsert\":\"1\",\"isList\":\"1\",\"isPk\":\"0\",\"isQuery\":\"1\",\"javaField\":\"stateCode\",\"javaType\":\"String\",\"list\":true,\"params\":{},\"pk\":false,\"query\":true,\"queryType\":\"EQ\",\"required\":false,\"sort\":3,\"superColumn\":false,\"tableId\":1,\"updateBy\":\"\",\"updateTime\":\"2023-06-26 09:32:52\",\"usableColumn\":false}],\"crud\":true,\"functionAuthor\":\"ruoyi\",\"functionName\":\"考勤信息\",\"genPath\":\"/\",\"genType\":\"0\",\"moduleName\":\"system\",\"options\":\"{\\\"parentMenuId\\\":\\\"2000\\\"}\",\"packageName\":\"com.ruoyi.system\",\"params\":{\"parentMenuId\":\"2000\"},\"parentMenuId\":\"2000\",\"','{\"msg\":\"操作成功\",\"code\":200}',0,NULL,'2023-06-26 09:33:43',11),(107,'代码生成',8,'com.ruoyi.generator.controller.GenController.batchGenCode()','GET',1,'admin',NULL,'/tool/gen/batchGenCode','127.0.0.1','内网IP','{\"tables\":\"self_attendances\"}',NULL,0,NULL,'2023-06-26 09:33:45',107),(108,'考勤信息',1,'com.ruoyi.system.controller.SelfAttendancesController.add()','POST',1,'admin',NULL,'/system/attendances','127.0.0.1','内网IP','{\"employeeName\":\"122\",\"id\":2,\"params\":{},\"stateCode\":\"1515\"}','{\"msg\":\"操作成功\",\"code\":200}',0,NULL,'2023-06-26 09:35:52',89),(109,'代码生成',2,'com.ruoyi.generator.controller.GenController.editSave()','PUT',1,'admin',NULL,'/tool/gen','127.0.0.1','内网IP','{\"businessName\":\"attendances\",\"className\":\"SelfAttendances\",\"columns\":[{\"capJavaField\":\"Id\",\"columnComment\":\"员工ID\",\"columnId\":1,\"columnName\":\"id\",\"columnType\":\"int(11)\",\"createBy\":\"admin\",\"createTime\":\"2023-06-26 09:21:06\",\"dictType\":\"\",\"edit\":true,\"htmlType\":\"input\",\"increment\":true,\"insert\":true,\"isEdit\":\"1\",\"isIncrement\":\"1\",\"isInsert\":\"1\",\"isList\":\"1\",\"isPk\":\"1\",\"isQuery\":\"1\",\"javaField\":\"id\",\"javaType\":\"Long\",\"list\":true,\"params\":{},\"pk\":true,\"query\":true,\"queryType\":\"EQ\",\"required\":false,\"sort\":1,\"superColumn\":false,\"tableId\":1,\"updateBy\":\"\",\"updateTime\":\"2023-06-26 09:33:43\",\"usableColumn\":false},{\"capJavaField\":\"EmployeeName\",\"columnComment\":\"员工名\",\"columnId\":2,\"columnName\":\"employee_name\",\"columnType\":\"varchar(255)\",\"createBy\":\"admin\",\"createTime\":\"2023-06-26 09:21:06\",\"dictType\":\"\",\"edit\":true,\"htmlType\":\"input\",\"increment\":false,\"insert\":true,\"isEdit\":\"1\",\"isIncrement\":\"0\",\"isInsert\":\"1\",\"isList\":\"1\",\"isPk\":\"0\",\"isQuery\":\"1\",\"javaField\":\"employeeName\",\"javaType\":\"String\",\"list\":true,\"params\":{},\"pk\":false,\"query\":true,\"queryType\":\"LIKE\",\"required\":false,\"sort\":2,\"superColumn\":false,\"tableId\":1,\"updateBy\":\"\",\"updateTime\":\"2023-06-26 09:33:43\",\"usableColumn\":false},{\"capJavaField\":\"StateCode\",\"columnComment\":\"缺勤状态\",\"columnId\":3,\"columnName\":\"state_code\",\"columnType\":\"varchar(4)\",\"createBy\":\"admin\",\"createTime\":\"2023-06-26 09:21:06\",\"dictType\":\"\",\"edit\":true,\"htmlType\":\"input\",\"increment\":false,\"insert\":true,\"isEdit\":\"1\",\"isIncrement\":\"0\",\"isInsert\":\"1\",\"isList\":\"1\",\"isPk\":\"0\",\"isQuery\":\"1\",\"javaField\":\"stateCode\",\"javaType\":\"String\",\"list\":true,\"params\":{},\"pk\":false,\"query\":true,\"queryType\":\"EQ\",\"required\":false,\"sort\":3,\"superColumn\":false,\"tableId\":1,\"updateBy\":\"\",\"updateTime\":\"2023-06-26 09:33:43\",\"usableColumn\":false}],\"crud\":true,\"functionAuthor\":\"ruoyi\",\"functionName\":\"考勤信息\",\"genPath\":\"/\",\"genType\":\"0\",\"moduleName\":\"system\",\"options\":\"{\\\"parentMenuId\\\":\\\"2000\\\"}\",\"packageName\":\"com.ruoyi.system\",\"params\":{\"parentMenuId\":\"2000\"},\"parentMenuId\":\"2000\",\"','{\"msg\":\"操作成功\",\"code\":200}',0,NULL,'2023-06-26 09:37:00',30),(110,'代码生成',8,'com.ruoyi.generator.controller.GenController.batchGenCode()','GET',1,'admin',NULL,'/tool/gen/batchGenCode','127.0.0.1','内网IP','{\"tables\":\"self_attendances\"}',NULL,0,NULL,'2023-06-26 09:37:02',115),(111,'代码生成',3,'com.ruoyi.generator.controller.GenController.remove()','DELETE',1,'admin',NULL,'/tool/gen/1','127.0.0.1','内网IP','{}','{\"msg\":\"操作成功\",\"code\":200}',0,NULL,'2023-06-26 09:43:52',18),(112,'代码生成',3,'com.ruoyi.generator.controller.GenController.remove()','DELETE',1,'admin',NULL,'/tool/gen/2,3,4,5,6,7,8,9,10','127.0.0.1','内网IP','{}','{\"msg\":\"操作成功\",\"code\":200}',0,NULL,'2023-06-26 09:43:59',8),(113,'代码生成',6,'com.ruoyi.generator.controller.GenController.importTableSave()','POST',1,'admin',NULL,'/tool/gen/importTable','127.0.0.1','内网IP','{\"tables\":\"self_attendances\"}','{\"msg\":\"操作成功\",\"code\":200}',0,NULL,'2023-06-26 09:45:28',39),(114,'代码生成',2,'com.ruoyi.generator.controller.GenController.editSave()','PUT',1,'admin',NULL,'/tool/gen','127.0.0.1','内网IP','{\"businessName\":\"attendances\",\"className\":\"SelfAttendances\",\"columns\":[{\"capJavaField\":\"Id\",\"columnId\":54,\"columnName\":\"id\",\"columnType\":\"int(11)\",\"createBy\":\"admin\",\"createTime\":\"2023-06-26 09:45:28\",\"dictType\":\"\",\"edit\":false,\"htmlType\":\"input\",\"increment\":true,\"insert\":true,\"isIncrement\":\"1\",\"isInsert\":\"1\",\"isPk\":\"1\",\"javaField\":\"id\",\"javaType\":\"Long\",\"list\":false,\"params\":{},\"pk\":true,\"query\":false,\"queryType\":\"EQ\",\"required\":false,\"sort\":1,\"superColumn\":false,\"tableId\":11,\"updateBy\":\"\",\"usableColumn\":false},{\"capJavaField\":\"EmployeeId\",\"columnId\":55,\"columnName\":\"employee_id\",\"columnType\":\"varchar(11)\",\"createBy\":\"admin\",\"createTime\":\"2023-06-26 09:45:28\",\"dictType\":\"\",\"edit\":true,\"htmlType\":\"input\",\"increment\":false,\"insert\":true,\"isEdit\":\"1\",\"isIncrement\":\"0\",\"isInsert\":\"1\",\"isList\":\"1\",\"isPk\":\"0\",\"isQuery\":\"1\",\"javaField\":\"employeeId\",\"javaType\":\"String\",\"list\":true,\"params\":{},\"pk\":false,\"query\":true,\"queryType\":\"LIKE\",\"required\":false,\"sort\":2,\"superColumn\":false,\"tableId\":11,\"updateBy\":\"\",\"usableColumn\":false},{\"capJavaField\":\"EmployeeName\",\"columnId\":56,\"columnName\":\"employee_name\",\"columnType\":\"varchar(255)\",\"createBy\":\"admin\",\"createTime\":\"2023-06-26 09:45:28\",\"dictType\":\"\",\"edit\":true,\"htmlType\":\"input\",\"increment\":false,\"insert\":true,\"isEdit\":\"1\",\"isIncrement\":\"0\",\"isInsert\":\"1\",\"isList\":\"1\",\"isPk\":\"0\",\"isQuery\":\"1\",\"javaField\":\"employeeName\",\"javaType\":\"String\",\"list\":true,\"params\":{},\"pk\":false,\"query\":true,\"queryType\":\"LIKE\",\"required\":false,\"sort\":3,\"superColumn\":false,\"tableId\":11,\"updateBy\":\"\",\"usableColumn\":false},{\"capJavaField\":\"StateCode\",\"columnId\":57,\"columnName\":\"state_code\",\"columnType\":\"varchar(4)\",\"createBy\":\"admin\",\"createTime\":\"2023-06-26 09:45:28\",\"dictType\":\"\",\"edit\":true,\"htmlType\":\"input\",\"increment\":false,\"insert\":true,\"isEdit\":\"1\",\"isIncrement\":\"0\",\"isInsert\":\"1\",\"isList\":\"1\",\"isPk\":\"0\",\"isQuery\":\"1\",\"javaField\":\"stateCode\",\"javaType\":\"String\",\"list\":true,\"params\":{},\"pk\":false,\"query\":true,\"queryType\":\"EQ\",\"required\":false,\"s','{\"msg\":\"操作成功\",\"code\":200}',0,NULL,'2023-06-26 09:47:53',23),(115,'代码生成',2,'com.ruoyi.generator.controller.GenController.editSave()','PUT',1,'admin',NULL,'/tool/gen','127.0.0.1','内网IP','{\"businessName\":\"attendances\",\"className\":\"SelfAttendances\",\"columns\":[{\"capJavaField\":\"Id\",\"columnId\":54,\"columnName\":\"id\",\"columnType\":\"int(11)\",\"createBy\":\"admin\",\"createTime\":\"2023-06-26 09:45:28\",\"dictType\":\"\",\"edit\":false,\"htmlType\":\"input\",\"increment\":true,\"insert\":true,\"isIncrement\":\"1\",\"isInsert\":\"1\",\"isPk\":\"1\",\"javaField\":\"id\",\"javaType\":\"Long\",\"list\":false,\"params\":{},\"pk\":true,\"query\":false,\"queryType\":\"EQ\",\"required\":false,\"sort\":1,\"superColumn\":false,\"tableId\":11,\"updateBy\":\"\",\"updateTime\":\"2023-06-26 09:47:53\",\"usableColumn\":false},{\"capJavaField\":\"EmployeeId\",\"columnId\":55,\"columnName\":\"employee_id\",\"columnType\":\"varchar(11)\",\"createBy\":\"admin\",\"createTime\":\"2023-06-26 09:45:28\",\"dictType\":\"\",\"edit\":true,\"htmlType\":\"input\",\"increment\":false,\"insert\":true,\"isEdit\":\"1\",\"isIncrement\":\"0\",\"isInsert\":\"1\",\"isList\":\"1\",\"isPk\":\"0\",\"isQuery\":\"1\",\"javaField\":\"employeeId\",\"javaType\":\"String\",\"list\":true,\"params\":{},\"pk\":false,\"query\":true,\"queryType\":\"LIKE\",\"required\":false,\"sort\":2,\"superColumn\":false,\"tableId\":11,\"updateBy\":\"\",\"updateTime\":\"2023-06-26 09:47:53\",\"usableColumn\":false},{\"capJavaField\":\"EmployeeName\",\"columnId\":56,\"columnName\":\"employee_name\",\"columnType\":\"varchar(255)\",\"createBy\":\"admin\",\"createTime\":\"2023-06-26 09:45:28\",\"dictType\":\"\",\"edit\":true,\"htmlType\":\"input\",\"increment\":false,\"insert\":true,\"isEdit\":\"1\",\"isIncrement\":\"0\",\"isInsert\":\"1\",\"isList\":\"1\",\"isPk\":\"0\",\"isQuery\":\"1\",\"javaField\":\"employeeName\",\"javaType\":\"String\",\"list\":true,\"params\":{},\"pk\":false,\"query\":true,\"queryType\":\"LIKE\",\"required\":false,\"sort\":3,\"superColumn\":false,\"tableId\":11,\"updateBy\":\"\",\"updateTime\":\"2023-06-26 09:47:53\",\"usableColumn\":false},{\"capJavaField\":\"StateCode\",\"columnId\":57,\"columnName\":\"state_code\",\"columnType\":\"varchar(4)\",\"createBy\":\"admin\",\"createTime\":\"2023-06-26 09:45:28\",\"dictType\":\"\",\"edit\":true,\"htmlType\":\"input\",\"increment\":false,\"insert\":true,\"isEdit\":\"1\",\"isIncrement\":\"0\",\"isInsert\":\"1\",\"isList\":\"1\",\"isPk\":\"0\",\"isQuery\":\"1\",\"javaField\":\"stateCode\"','{\"msg\":\"操作成功\",\"code\":200}',0,NULL,'2023-06-26 09:48:11',13),(116,'代码生成',8,'com.ruoyi.generator.controller.GenController.batchGenCode()','GET',1,'admin',NULL,'/tool/gen/batchGenCode','127.0.0.1','内网IP','{\"tables\":\"self_attendances\"}',NULL,0,NULL,'2023-06-26 09:48:15',30),(117,'菜单管理',3,'com.ruoyi.web.controller.system.SysMenuController.remove()','DELETE',1,'admin',NULL,'/system/menu/2001','127.0.0.1','内网IP','{}','{\"msg\":\"存在子菜单,不允许删除\",\"code\":601}',0,NULL,'2023-06-26 09:50:13',8),(118,'菜单管理',3,'com.ruoyi.web.controller.system.SysMenuController.remove()','DELETE',1,'admin',NULL,'/system/menu/2002','127.0.0.1','内网IP','{}','{\"msg\":\"操作成功\",\"code\":200}',0,NULL,'2023-06-26 09:50:19',9),(119,'菜单管理',3,'com.ruoyi.web.controller.system.SysMenuController.remove()','DELETE',1,'admin',NULL,'/system/menu/2003','127.0.0.1','内网IP','{}','{\"msg\":\"操作成功\",\"code\":200}',0,NULL,'2023-06-26 09:50:21',8),(120,'菜单管理',3,'com.ruoyi.web.controller.system.SysMenuController.remove()','DELETE',1,'admin',NULL,'/system/menu/2004','127.0.0.1','内网IP','{}','{\"msg\":\"操作成功\",\"code\":200}',0,NULL,'2023-06-26 09:50:23',7),(121,'菜单管理',3,'com.ruoyi.web.controller.system.SysMenuController.remove()','DELETE',1,'admin',NULL,'/system/menu/2005','127.0.0.1','内网IP','{}','{\"msg\":\"操作成功\",\"code\":200}',0,NULL,'2023-06-26 09:50:25',7),(122,'菜单管理',3,'com.ruoyi.web.controller.system.SysMenuController.remove()','DELETE',1,'admin',NULL,'/system/menu/2006','127.0.0.1','内网IP','{}','{\"msg\":\"操作成功\",\"code\":200}',0,NULL,'2023-06-26 09:50:27',7),(123,'菜单管理',3,'com.ruoyi.web.controller.system.SysMenuController.remove()','DELETE',1,'admin',NULL,'/system/menu/2001','127.0.0.1','内网IP','{}','{\"msg\":\"操作成功\",\"code\":200}',0,NULL,'2023-06-26 09:50:29',6),(124,'代码生成',2,'com.ruoyi.generator.controller.GenController.editSave()','PUT',1,'admin',NULL,'/tool/gen','127.0.0.1','内网IP','{\"businessName\":\"attendances\",\"className\":\"SelfAttendances\",\"columns\":[{\"capJavaField\":\"Id\",\"columnId\":54,\"columnName\":\"id\",\"columnType\":\"int(11)\",\"createBy\":\"admin\",\"createTime\":\"2023-06-26 09:45:28\",\"dictType\":\"\",\"edit\":false,\"htmlType\":\"input\",\"increment\":true,\"insert\":true,\"isIncrement\":\"1\",\"isInsert\":\"1\",\"isPk\":\"1\",\"javaField\":\"id\",\"javaType\":\"Long\",\"list\":false,\"params\":{},\"pk\":true,\"query\":false,\"queryType\":\"EQ\",\"required\":false,\"sort\":1,\"superColumn\":false,\"tableId\":11,\"updateBy\":\"\",\"updateTime\":\"2023-06-26 09:48:11\",\"usableColumn\":false},{\"capJavaField\":\"EmployeeId\",\"columnId\":55,\"columnName\":\"employee_id\",\"columnType\":\"varchar(11)\",\"createBy\":\"admin\",\"createTime\":\"2023-06-26 09:45:28\",\"dictType\":\"\",\"edit\":true,\"htmlType\":\"input\",\"increment\":false,\"insert\":true,\"isEdit\":\"1\",\"isIncrement\":\"0\",\"isInsert\":\"1\",\"isList\":\"1\",\"isPk\":\"0\",\"isQuery\":\"1\",\"javaField\":\"employeeId\",\"javaType\":\"String\",\"list\":true,\"params\":{},\"pk\":false,\"query\":true,\"queryType\":\"LIKE\",\"required\":false,\"sort\":2,\"superColumn\":false,\"tableId\":11,\"updateBy\":\"\",\"updateTime\":\"2023-06-26 09:48:11\",\"usableColumn\":false},{\"capJavaField\":\"EmployeeName\",\"columnId\":56,\"columnName\":\"employee_name\",\"columnType\":\"varchar(255)\",\"createBy\":\"admin\",\"createTime\":\"2023-06-26 09:45:28\",\"dictType\":\"\",\"edit\":true,\"htmlType\":\"input\",\"increment\":false,\"insert\":true,\"isEdit\":\"1\",\"isIncrement\":\"0\",\"isInsert\":\"1\",\"isList\":\"1\",\"isPk\":\"0\",\"isQuery\":\"1\",\"javaField\":\"employeeName\",\"javaType\":\"String\",\"list\":true,\"params\":{},\"pk\":false,\"query\":true,\"queryType\":\"LIKE\",\"required\":false,\"sort\":3,\"superColumn\":false,\"tableId\":11,\"updateBy\":\"\",\"updateTime\":\"2023-06-26 09:48:11\",\"usableColumn\":false},{\"capJavaField\":\"StateCode\",\"columnId\":57,\"columnName\":\"state_code\",\"columnType\":\"varchar(4)\",\"createBy\":\"admin\",\"createTime\":\"2023-06-26 09:45:28\",\"dictType\":\"\",\"edit\":true,\"htmlType\":\"input\",\"increment\":false,\"insert\":true,\"isEdit\":\"1\",\"isIncrement\":\"0\",\"isInsert\":\"1\",\"isList\":\"1\",\"isPk\":\"0\",\"isQuery\":\"1\",\"javaField\":\"stateCode\"','{\"msg\":\"操作成功\",\"code\":200}',0,NULL,'2023-06-26 09:52:50',29),(125,'代码生成',8,'com.ruoyi.generator.controller.GenController.batchGenCode()','GET',1,'admin',NULL,'/tool/gen/batchGenCode','127.0.0.1','内网IP','{\"tables\":\"self_attendances\"}',NULL,0,NULL,'2023-06-26 09:52:52',24),(126,'菜单管理',3,'com.ruoyi.web.controller.system.SysMenuController.remove()','DELETE',1,'admin',NULL,'/system/menu/2008','127.0.0.1','内网IP','{}','{\"msg\":\"操作成功\",\"code\":200}',0,NULL,'2023-06-26 09:55:08',17),(127,'菜单管理',3,'com.ruoyi.web.controller.system.SysMenuController.remove()','DELETE',1,'admin',NULL,'/system/menu/2009','127.0.0.1','内网IP','{}','{\"msg\":\"操作成功\",\"code\":200}',0,NULL,'2023-06-26 09:55:09',7),(128,'菜单管理',3,'com.ruoyi.web.controller.system.SysMenuController.remove()','DELETE',1,'admin',NULL,'/system/menu/2011','127.0.0.1','内网IP','{}','{\"msg\":\"操作成功\",\"code\":200}',0,NULL,'2023-06-26 09:55:12',9),(129,'菜单管理',3,'com.ruoyi.web.controller.system.SysMenuController.remove()','DELETE',1,'admin',NULL,'/system/menu/2010','127.0.0.1','内网IP','{}','{\"msg\":\"操作成功\",\"code\":200}',0,NULL,'2023-06-26 09:55:14',8),(130,'菜单管理',3,'com.ruoyi.web.controller.system.SysMenuController.remove()','DELETE',1,'admin',NULL,'/system/menu/2012','127.0.0.1','内网IP','{}','{\"msg\":\"操作成功\",\"code\":200}',0,NULL,'2023-06-26 09:55:16',5),(131,'菜单管理',3,'com.ruoyi.web.controller.system.SysMenuController.remove()','DELETE',1,'admin',NULL,'/system/menu/2007','127.0.0.1','内网IP','{}','{\"msg\":\"操作成功\",\"code\":200}',0,NULL,'2023-06-26 09:55:18',9),(132,'菜单管理',3,'com.ruoyi.web.controller.system.SysMenuController.remove()','DELETE',1,'admin',NULL,'/system/menu/2014','127.0.0.1','内网IP','{}','{\"msg\":\"操作成功\",\"code\":200}',0,NULL,'2023-06-26 09:56:36',18),(133,'菜单管理',3,'com.ruoyi.web.controller.system.SysMenuController.remove()','DELETE',1,'admin',NULL,'/system/menu/2015','127.0.0.1','内网IP','{}','{\"msg\":\"操作成功\",\"code\":200}',0,NULL,'2023-06-26 09:56:38',7),(134,'菜单管理',3,'com.ruoyi.web.controller.system.SysMenuController.remove()','DELETE',1,'admin',NULL,'/system/menu/2016','127.0.0.1','内网IP','{}','{\"msg\":\"操作成功\",\"code\":200}',0,NULL,'2023-06-26 09:56:39',9),(135,'菜单管理',3,'com.ruoyi.web.controller.system.SysMenuController.remove()','DELETE',1,'admin',NULL,'/system/menu/2017','127.0.0.1','内网IP','{}','{\"msg\":\"操作成功\",\"code\":200}',0,NULL,'2023-06-26 09:56:41',8),(136,'菜单管理',3,'com.ruoyi.web.controller.system.SysMenuController.remove()','DELETE',1,'admin',NULL,'/system/menu/2018','127.0.0.1','内网IP','{}','{\"msg\":\"操作成功\",\"code\":200}',0,NULL,'2023-06-26 09:56:45',6),(137,'菜单管理',3,'com.ruoyi.web.controller.system.SysMenuController.remove()','DELETE',1,'admin',NULL,'/system/menu/2013','127.0.0.1','内网IP','{}','{\"msg\":\"操作成功\",\"code\":200}',0,NULL,'2023-06-26 09:56:48',6),(138,'代码生成',8,'com.ruoyi.generator.controller.GenController.batchGenCode()','GET',1,'admin',NULL,'/tool/gen/batchGenCode','127.0.0.1','内网IP','{\"tables\":\"self_attendances\"}',NULL,0,NULL,'2023-06-26 10:02:10',114),(139,'代码生成',2,'com.ruoyi.generator.controller.GenController.editSave()','PUT',1,'admin',NULL,'/tool/gen','127.0.0.1','内网IP','{\"businessName\":\"attendances\",\"className\":\"SelfAttendances\",\"columns\":[{\"capJavaField\":\"Id\",\"columnId\":54,\"columnName\":\"id\",\"columnType\":\"int(11)\",\"createBy\":\"admin\",\"createTime\":\"2023-06-26 09:45:28\",\"dictType\":\"\",\"edit\":false,\"htmlType\":\"input\",\"increment\":true,\"insert\":true,\"isIncrement\":\"1\",\"isInsert\":\"1\",\"isPk\":\"1\",\"javaField\":\"id\",\"javaType\":\"Long\",\"list\":false,\"params\":{},\"pk\":true,\"query\":false,\"queryType\":\"EQ\",\"required\":false,\"sort\":1,\"superColumn\":false,\"tableId\":11,\"updateBy\":\"\",\"updateTime\":\"2023-06-26 09:52:50\",\"usableColumn\":false},{\"capJavaField\":\"EmployeeId\",\"columnId\":55,\"columnName\":\"employee_id\",\"columnType\":\"varchar(11)\",\"createBy\":\"admin\",\"createTime\":\"2023-06-26 09:45:28\",\"dictType\":\"\",\"edit\":true,\"htmlType\":\"input\",\"increment\":false,\"insert\":true,\"isEdit\":\"1\",\"isIncrement\":\"0\",\"isInsert\":\"1\",\"isList\":\"1\",\"isPk\":\"0\",\"isQuery\":\"1\",\"javaField\":\"employeeId\",\"javaType\":\"String\",\"list\":true,\"params\":{},\"pk\":false,\"query\":true,\"queryType\":\"LIKE\",\"required\":false,\"sort\":2,\"superColumn\":false,\"tableId\":11,\"updateBy\":\"\",\"updateTime\":\"2023-06-26 09:52:50\",\"usableColumn\":false},{\"capJavaField\":\"EmployeeName\",\"columnId\":56,\"columnName\":\"employee_name\",\"columnType\":\"varchar(255)\",\"createBy\":\"admin\",\"createTime\":\"2023-06-26 09:45:28\",\"dictType\":\"\",\"edit\":true,\"htmlType\":\"input\",\"increment\":false,\"insert\":true,\"isEdit\":\"1\",\"isIncrement\":\"0\",\"isInsert\":\"1\",\"isList\":\"1\",\"isPk\":\"0\",\"isQuery\":\"1\",\"javaField\":\"employeeName\",\"javaType\":\"String\",\"list\":true,\"params\":{},\"pk\":false,\"query\":true,\"queryType\":\"LIKE\",\"required\":false,\"sort\":3,\"superColumn\":false,\"tableId\":11,\"updateBy\":\"\",\"updateTime\":\"2023-06-26 09:52:50\",\"usableColumn\":false},{\"capJavaField\":\"StateCode\",\"columnId\":57,\"columnName\":\"state_code\",\"columnType\":\"varchar(4)\",\"createBy\":\"admin\",\"createTime\":\"2023-06-26 09:45:28\",\"dictType\":\"\",\"edit\":true,\"htmlType\":\"input\",\"increment\":false,\"insert\":true,\"isEdit\":\"1\",\"isIncrement\":\"0\",\"isInsert\":\"1\",\"isList\":\"1\",\"isPk\":\"0\",\"isQuery\":\"1\",\"javaField\":\"stateCode\"','{\"msg\":\"操作成功\",\"code\":200}',0,NULL,'2023-06-26 10:13:08',26),(140,'代码生成',8,'com.ruoyi.generator.controller.GenController.batchGenCode()','GET',1,'admin',NULL,'/tool/gen/batchGenCode','127.0.0.1','内网IP','{\"tables\":\"self_attendances\"}',NULL,0,NULL,'2023-06-26 10:13:10',107),(141,'代码生成',8,'com.ruoyi.generator.controller.GenController.batchGenCode()','GET',1,'admin',NULL,'/tool/gen/batchGenCode','127.0.0.1','内网IP','{\"tables\":\"self_attendances\"}',NULL,0,NULL,'2023-06-26 10:13:15',24),(142,'代码生成',8,'com.ruoyi.generator.controller.GenController.batchGenCode()','GET',1,'admin',NULL,'/tool/gen/batchGenCode','127.0.0.1','内网IP','{\"tables\":\"self_attendances\"}',NULL,0,NULL,'2023-06-26 10:13:25',24),(143,'菜单管理',3,'com.ruoyi.web.controller.system.SysMenuController.remove()','DELETE',1,'admin',NULL,'/system/menu/2020','127.0.0.1','内网IP','{}','{\"msg\":\"操作成功\",\"code\":200}',0,NULL,'2023-06-26 10:15:45',12),(144,'菜单管理',3,'com.ruoyi.web.controller.system.SysMenuController.remove()','DELETE',1,'admin',NULL,'/system/menu/2021','127.0.0.1','内网IP','{}','{\"msg\":\"操作成功\",\"code\":200}',0,NULL,'2023-06-26 10:15:47',7),(145,'菜单管理',3,'com.ruoyi.web.controller.system.SysMenuController.remove()','DELETE',1,'admin',NULL,'/system/menu/2022','127.0.0.1','内网IP','{}','{\"msg\":\"操作成功\",\"code\":200}',0,NULL,'2023-06-26 10:15:50',5),(146,'菜单管理',3,'com.ruoyi.web.controller.system.SysMenuController.remove()','DELETE',1,'admin',NULL,'/system/menu/2023','127.0.0.1','内网IP','{}','{\"msg\":\"操作成功\",\"code\":200}',0,NULL,'2023-06-26 10:15:51',5),(147,'菜单管理',3,'com.ruoyi.web.controller.system.SysMenuController.remove()','DELETE',1,'admin',NULL,'/system/menu/2024','127.0.0.1','内网IP','{}','{\"msg\":\"操作成功\",\"code\":200}',0,NULL,'2023-06-26 10:15:53',6),(148,'菜单管理',3,'com.ruoyi.web.controller.system.SysMenuController.remove()','DELETE',1,'admin',NULL,'/system/menu/2019','127.0.0.1','内网IP','{}','{\"msg\":\"操作成功\",\"code\":200}',0,NULL,'2023-06-26 10:15:55',5),(149,'代码生成',3,'com.ruoyi.generator.controller.GenController.remove()','DELETE',1,'admin',NULL,'/tool/gen/11','127.0.0.1','内网IP','{}','{\"msg\":\"操作成功\",\"code\":200}',0,NULL,'2023-06-26 10:16:01',15),(150,'代码生成',6,'com.ruoyi.generator.controller.GenController.importTableSave()','POST',1,'admin',NULL,'/tool/gen/importTable','127.0.0.1','内网IP','{\"tables\":\"self_emergencies,self_complaints,self_attendances,self_visitors,self_visit_victors,self_visit_prices,self_parking_cars,self_hotel_rooms,self_hotel_prices,self_hotel_orders\"}','{\"msg\":\"操作成功\",\"code\":200}',0,NULL,'2023-06-26 10:16:52',230),(151,'代码生成',2,'com.ruoyi.generator.controller.GenController.editSave()','PUT',1,'admin',NULL,'/tool/gen','127.0.0.1','内网IP','{\"businessName\":\"attendances\",\"className\":\"SelfAttendances\",\"columns\":[{\"capJavaField\":\"Id\",\"columnComment\":\"自增\",\"columnId\":58,\"columnName\":\"id\",\"columnType\":\"int(11)\",\"createBy\":\"admin\",\"createTime\":\"2023-06-26 10:16:52\",\"dictType\":\"\",\"edit\":false,\"htmlType\":\"input\",\"increment\":true,\"insert\":false,\"isIncrement\":\"1\",\"isInsert\":\"0\",\"isPk\":\"1\",\"javaField\":\"id\",\"javaType\":\"Long\",\"list\":false,\"params\":{},\"pk\":true,\"query\":false,\"queryType\":\"EQ\",\"required\":false,\"sort\":1,\"superColumn\":false,\"tableId\":12,\"updateBy\":\"\",\"usableColumn\":false},{\"capJavaField\":\"EmployeeId\",\"columnComment\":\"员工ID\",\"columnId\":59,\"columnName\":\"employee_id\",\"columnType\":\"varchar(11)\",\"createBy\":\"admin\",\"createTime\":\"2023-06-26 10:16:52\",\"dictType\":\"\",\"edit\":true,\"htmlType\":\"input\",\"increment\":false,\"insert\":true,\"isEdit\":\"1\",\"isIncrement\":\"0\",\"isInsert\":\"1\",\"isList\":\"1\",\"isPk\":\"0\",\"isQuery\":\"1\",\"javaField\":\"employeeId\",\"javaType\":\"String\",\"list\":true,\"params\":{},\"pk\":false,\"query\":true,\"queryType\":\"LIKE\",\"required\":false,\"sort\":2,\"superColumn\":false,\"tableId\":12,\"updateBy\":\"\",\"usableColumn\":false},{\"capJavaField\":\"EmployeeName\",\"columnComment\":\"员工姓名\",\"columnId\":60,\"columnName\":\"employee_name\",\"columnType\":\"varchar(255)\",\"createBy\":\"admin\",\"createTime\":\"2023-06-26 10:16:52\",\"dictType\":\"\",\"edit\":true,\"htmlType\":\"input\",\"increment\":false,\"insert\":true,\"isEdit\":\"1\",\"isIncrement\":\"0\",\"isInsert\":\"1\",\"isList\":\"1\",\"isPk\":\"0\",\"isQuery\":\"1\",\"javaField\":\"employeeName\",\"javaType\":\"String\",\"list\":true,\"params\":{},\"pk\":false,\"query\":true,\"queryType\":\"LIKE\",\"required\":false,\"sort\":3,\"superColumn\":false,\"tableId\":12,\"updateBy\":\"\",\"usableColumn\":false},{\"capJavaField\":\"StateCode\",\"columnComment\":\"缺勤状态\",\"columnId\":61,\"columnName\":\"state_code\",\"columnType\":\"varchar(4)\",\"createBy\":\"admin\",\"createTime\":\"2023-06-26 10:16:52\",\"dictType\":\"\",\"edit\":true,\"htmlType\":\"input\",\"increment\":false,\"insert\":true,\"isEdit\":\"1\",\"isIncrement\":\"0\",\"isInsert\":\"1\",\"isList\":\"1\",\"isPk\":\"0\",\"isQuery\":\"1\",\"javaField\":\"stateCode\",\"javaType\":\"S','{\"msg\":\"操作成功\",\"code\":200}',0,NULL,'2023-06-26 10:18:23',21),(152,'代码生成',8,'com.ruoyi.generator.controller.GenController.batchGenCode()','GET',1,'admin',NULL,'/tool/gen/batchGenCode','127.0.0.1','内网IP','{\"tables\":\"self_attendances\"}',NULL,0,NULL,'2023-06-26 10:18:26',97),(153,'代码生成',2,'com.ruoyi.generator.controller.GenController.editSave()','PUT',1,'admin',NULL,'/tool/gen','127.0.0.1','内网IP','{\"businessName\":\"complaints\",\"className\":\"SelfComplaints\",\"columns\":[{\"capJavaField\":\"Id\",\"columnComment\":\"自增\",\"columnId\":62,\"columnName\":\"id\",\"columnType\":\"int(11)\",\"createBy\":\"admin\",\"createTime\":\"2023-06-26 10:16:52\",\"dictType\":\"\",\"edit\":false,\"htmlType\":\"input\",\"increment\":true,\"insert\":true,\"isIncrement\":\"1\",\"isInsert\":\"1\",\"isPk\":\"1\",\"javaField\":\"id\",\"javaType\":\"Long\",\"list\":false,\"params\":{},\"pk\":true,\"query\":false,\"queryType\":\"EQ\",\"required\":false,\"sort\":1,\"superColumn\":false,\"tableId\":13,\"updateBy\":\"\",\"usableColumn\":false},{\"capJavaField\":\"ComplaintsId\",\"columnComment\":\"投诉ID\",\"columnId\":63,\"columnName\":\"complaints_id\",\"columnType\":\"int(11)\",\"createBy\":\"admin\",\"createTime\":\"2023-06-26 10:16:52\",\"dictType\":\"\",\"edit\":true,\"htmlType\":\"input\",\"increment\":false,\"insert\":true,\"isEdit\":\"1\",\"isIncrement\":\"0\",\"isInsert\":\"1\",\"isList\":\"1\",\"isPk\":\"0\",\"isQuery\":\"1\",\"isRequired\":\"1\",\"javaField\":\"complaintsId\",\"javaType\":\"Long\",\"list\":true,\"params\":{},\"pk\":false,\"query\":true,\"queryType\":\"EQ\",\"required\":true,\"sort\":2,\"superColumn\":false,\"tableId\":13,\"updateBy\":\"\",\"usableColumn\":false},{\"capJavaField\":\"ComplaintsMessage\",\"columnComment\":\"投诉信息\",\"columnId\":64,\"columnName\":\"complaints_message\",\"columnType\":\"text\",\"createBy\":\"admin\",\"createTime\":\"2023-06-26 10:16:52\",\"dictType\":\"\",\"edit\":true,\"htmlType\":\"textarea\",\"increment\":false,\"insert\":true,\"isEdit\":\"1\",\"isIncrement\":\"0\",\"isInsert\":\"1\",\"isList\":\"1\",\"isPk\":\"0\",\"isQuery\":\"1\",\"isRequired\":\"1\",\"javaField\":\"complaintsMessage\",\"javaType\":\"String\",\"list\":true,\"params\":{},\"pk\":false,\"query\":true,\"queryType\":\"EQ\",\"required\":true,\"sort\":3,\"superColumn\":false,\"tableId\":13,\"updateBy\":\"\",\"usableColumn\":false},{\"capJavaField\":\"ComplaintsDate\",\"columnComment\":\"投诉日期\",\"columnId\":65,\"columnName\":\"complaints_date\",\"columnType\":\"datetime\",\"createBy\":\"admin\",\"createTime\":\"2023-06-26 10:16:52\",\"dictType\":\"\",\"edit\":true,\"htmlType\":\"datetime\",\"increment\":false,\"insert\":true,\"isEdit\":\"1\",\"isIncrement\":\"0\",\"isInsert\":\"1\",\"isList\":\"1\",\"isPk\":\"0\",\"isQu','{\"msg\":\"操作成功\",\"code\":200}',0,NULL,'2023-06-26 10:21:19',40),(154,'代码生成',8,'com.ruoyi.generator.controller.GenController.batchGenCode()','GET',1,'admin',NULL,'/tool/gen/batchGenCode','127.0.0.1','内网IP','{\"tables\":\"self_complaints\"}',NULL,0,NULL,'2023-06-26 10:21:22',124),(155,'菜单管理',3,'com.ruoyi.web.controller.system.SysMenuController.remove()','DELETE',1,'admin',NULL,'/system/menu/4','127.0.0.1','内网IP','{}','{\"msg\":\"菜单已分配,不允许删除\",\"code\":601}',0,NULL,'2023-06-26 10:23:09',8),(156,'菜单管理',2,'com.ruoyi.web.controller.system.SysMenuController.edit()','PUT',1,'admin',NULL,'/system/menu','127.0.0.1','内网IP','{\"children\":[],\"createTime\":\"2023-06-23 16:06:59\",\"icon\":\"guide\",\"isCache\":\"0\",\"isFrame\":\"0\",\"menuId\":4,\"menuName\":\"若依官网\",\"menuType\":\"M\",\"orderNum\":4,\"params\":{},\"parentId\":0,\"path\":\"http://ruoyi.vip\",\"perms\":\"\",\"query\":\"\",\"status\":\"1\",\"updateBy\":\"admin\",\"visible\":\"1\"}','{\"msg\":\"操作成功\",\"code\":200}',0,NULL,'2023-06-26 10:23:18',11),(157,'代码生成',2,'com.ruoyi.generator.controller.GenController.synchDb()','GET',1,'admin',NULL,'/tool/gen/synchDb/self_attendances','127.0.0.1','内网IP','{}','{\"msg\":\"操作成功\",\"code\":200}',0,NULL,'2023-06-26 10:30:06',123),(158,'代码生成',2,'com.ruoyi.generator.controller.GenController.editSave()','PUT',1,'admin',NULL,'/tool/gen','127.0.0.1','内网IP','{\"businessName\":\"attendances\",\"className\":\"SelfAttendances\",\"columns\":[{\"capJavaField\":\"Id\",\"columnComment\":\"\",\"columnId\":58,\"columnName\":\"id\",\"columnType\":\"int(11)\",\"createBy\":\"admin\",\"createTime\":\"2023-06-26 10:16:52\",\"dictType\":\"\",\"edit\":false,\"htmlType\":\"input\",\"increment\":true,\"insert\":true,\"isIncrement\":\"1\",\"isInsert\":\"1\",\"isPk\":\"1\",\"javaField\":\"id\",\"javaType\":\"Long\",\"list\":false,\"params\":{},\"pk\":true,\"query\":false,\"queryType\":\"EQ\",\"required\":false,\"sort\":1,\"superColumn\":false,\"tableId\":12,\"updateBy\":\"\",\"updateTime\":\"2023-06-26 10:30:06\",\"usableColumn\":false},{\"capJavaField\":\"EmployeeId\",\"columnComment\":\"\",\"columnId\":59,\"columnName\":\"employee_id\",\"columnType\":\"varchar(11)\",\"createBy\":\"admin\",\"createTime\":\"2023-06-26 10:16:52\",\"dictType\":\"\",\"edit\":true,\"htmlType\":\"input\",\"increment\":false,\"insert\":true,\"isEdit\":\"1\",\"isIncrement\":\"0\",\"isInsert\":\"1\",\"isList\":\"1\",\"isPk\":\"0\",\"isQuery\":\"1\",\"javaField\":\"employeeId\",\"javaType\":\"String\",\"list\":true,\"params\":{},\"pk\":false,\"query\":true,\"queryType\":\"LIKE\",\"required\":false,\"sort\":2,\"superColumn\":false,\"tableId\":12,\"updateBy\":\"\",\"updateTime\":\"2023-06-26 10:30:06\",\"usableColumn\":false},{\"capJavaField\":\"EmployeeName\",\"columnComment\":\"\",\"columnId\":60,\"columnName\":\"employee_name\",\"columnType\":\"varchar(255)\",\"createBy\":\"admin\",\"createTime\":\"2023-06-26 10:16:52\",\"dictType\":\"\",\"edit\":true,\"htmlType\":\"input\",\"increment\":false,\"insert\":true,\"isEdit\":\"1\",\"isIncrement\":\"0\",\"isInsert\":\"1\",\"isList\":\"1\",\"isPk\":\"0\",\"isQuery\":\"1\",\"javaField\":\"employeeName\",\"javaType\":\"String\",\"list\":true,\"params\":{},\"pk\":false,\"query\":true,\"queryType\":\"LIKE\",\"required\":false,\"sort\":3,\"superColumn\":false,\"tableId\":12,\"updateBy\":\"\",\"updateTime\":\"2023-06-26 10:30:06\",\"usableColumn\":false},{\"capJavaField\":\"StateWorking\",\"columnId\":112,\"columnName\":\"state_working\",\"columnType\":\"varchar(4)\",\"createBy\":\"\",\"createTime\":\"2023-06-26 10:30:06\",\"dictType\":\"\",\"edit\":true,\"htmlType\":\"input\",\"increment\":false,\"insert\":true,\"isEdit\":\"1\",\"isIncrement\":\"0\",\"isInsert\":\"1\",\"i','{\"msg\":\"操作成功\",\"code\":200}',0,NULL,'2023-06-26 10:32:18',20),(159,'代码生成',8,'com.ruoyi.generator.controller.GenController.batchGenCode()','GET',1,'admin',NULL,'/tool/gen/batchGenCode','127.0.0.1','内网IP','{\"tables\":\"self_attendances\"}',NULL,0,NULL,'2023-06-26 10:32:20',106),(160,'代码生成',2,'com.ruoyi.generator.controller.GenController.synchDb()','GET',1,'admin',NULL,'/tool/gen/synchDb/self_complaints','127.0.0.1','内网IP','{}','{\"msg\":\"操作成功\",\"code\":200}',0,NULL,'2023-06-26 10:33:33',24),(161,'菜单管理',3,'com.ruoyi.web.controller.system.SysMenuController.remove()','DELETE',1,'admin',NULL,'/system/menu/2025','127.0.0.1','内网IP','{}','{\"msg\":\"存在子菜单,不允许删除\",\"code\":601}',0,NULL,'2023-06-26 10:34:01',2),(162,'菜单管理',3,'com.ruoyi.web.controller.system.SysMenuController.remove()','DELETE',1,'admin',NULL,'/system/menu/2032','127.0.0.1','内网IP','{}','{\"msg\":\"操作成功\",\"code\":200}',0,NULL,'2023-06-26 10:34:06',9),(163,'菜单管理',3,'com.ruoyi.web.controller.system.SysMenuController.remove()','DELETE',1,'admin',NULL,'/system/menu/2031','127.0.0.1','内网IP','{}','{\"msg\":\"存在子菜单,不允许删除\",\"code\":601}',0,NULL,'2023-06-26 10:34:07',3),(164,'菜单管理',3,'com.ruoyi.web.controller.system.SysMenuController.remove()','DELETE',1,'admin',NULL,'/system/menu/2031','127.0.0.1','内网IP','{}','{\"msg\":\"存在子菜单,不允许删除\",\"code\":601}',0,NULL,'2023-06-26 10:34:09',2),(165,'菜单管理',3,'com.ruoyi.web.controller.system.SysMenuController.remove()','DELETE',1,'admin',NULL,'/system/menu/2033','127.0.0.1','内网IP','{}','{\"msg\":\"操作成功\",\"code\":200}',0,NULL,'2023-06-26 10:34:36',5),(166,'菜单管理',3,'com.ruoyi.web.controller.system.SysMenuController.remove()','DELETE',1,'admin',NULL,'/system/menu/2034','127.0.0.1','内网IP','{}','{\"msg\":\"操作成功\",\"code\":200}',0,NULL,'2023-06-26 10:34:39',5),(167,'菜单管理',3,'com.ruoyi.web.controller.system.SysMenuController.remove()','DELETE',1,'admin',NULL,'/system/menu/2035','127.0.0.1','内网IP','{}','{\"msg\":\"操作成功\",\"code\":200}',0,NULL,'2023-06-26 10:34:40',5),(168,'菜单管理',3,'com.ruoyi.web.controller.system.SysMenuController.remove()','DELETE',1,'admin',NULL,'/system/menu/2036','127.0.0.1','内网IP','{}','{\"msg\":\"操作成功\",\"code\":200}',0,NULL,'2023-06-26 10:34:44',6),(169,'菜单管理',3,'com.ruoyi.web.controller.system.SysMenuController.remove()','DELETE',1,'admin',NULL,'/system/menu/2030','127.0.0.1','内网IP','{}','{\"msg\":\"操作成功\",\"code\":200}',0,NULL,'2023-06-26 10:34:46',6),(170,'菜单管理',3,'com.ruoyi.web.controller.system.SysMenuController.remove()','DELETE',1,'admin',NULL,'/system/menu/2027','127.0.0.1','内网IP','{}','{\"msg\":\"操作成功\",\"code\":200}',0,NULL,'2023-06-26 10:34:48',6),(171,'菜单管理',3,'com.ruoyi.web.controller.system.SysMenuController.remove()','DELETE',1,'admin',NULL,'/system/menu/2028','127.0.0.1','内网IP','{}','{\"msg\":\"操作成功\",\"code\":200}',0,NULL,'2023-06-26 10:34:52',6),(172,'菜单管理',3,'com.ruoyi.web.controller.system.SysMenuController.remove()','DELETE',1,'admin',NULL,'/system/menu/2026','127.0.0.1','内网IP','{}','{\"msg\":\"操作成功\",\"code\":200}',0,NULL,'2023-06-26 10:34:55',6),(173,'菜单管理',3,'com.ruoyi.web.controller.system.SysMenuController.remove()','DELETE',1,'admin',NULL,'/system/menu/2029','127.0.0.1','内网IP','{}','{\"msg\":\"操作成功\",\"code\":200}',0,NULL,'2023-06-26 10:34:57',6),(174,'菜单管理',3,'com.ruoyi.web.controller.system.SysMenuController.remove()','DELETE',1,'admin',NULL,'/system/menu/2025','127.0.0.1','内网IP','{}','{\"msg\":\"操作成功\",\"code\":200}',0,NULL,'2023-06-26 10:34:59',5),(175,'菜单管理',3,'com.ruoyi.web.controller.system.SysMenuController.remove()','DELETE',1,'admin',NULL,'/system/menu/2040','127.0.0.1','内网IP','{}','{\"msg\":\"操作成功\",\"code\":200}',0,NULL,'2023-06-26 10:35:01',6),(176,'菜单管理',3,'com.ruoyi.web.controller.system.SysMenuController.remove()','DELETE',1,'admin',NULL,'/system/menu/2039','127.0.0.1','内网IP','{}','{\"msg\":\"操作成功\",\"code\":200}',0,NULL,'2023-06-26 10:35:03',6),(177,'菜单管理',3,'com.ruoyi.web.controller.system.SysMenuController.remove()','DELETE',1,'admin',NULL,'/system/menu/2042','127.0.0.1','内网IP','{}','{\"msg\":\"操作成功\",\"code\":200}',0,NULL,'2023-06-26 10:35:05',7),(178,'菜单管理',3,'com.ruoyi.web.controller.system.SysMenuController.remove()','DELETE',1,'admin',NULL,'/system/menu/2041','127.0.0.1','内网IP','{}','{\"msg\":\"操作成功\",\"code\":200}',0,NULL,'2023-06-26 10:35:06',13),(179,'菜单管理',3,'com.ruoyi.web.controller.system.SysMenuController.remove()','DELETE',1,'admin',NULL,'/system/menu/2038','127.0.0.1','内网IP','{}','{\"msg\":\"操作成功\",\"code\":200}',0,NULL,'2023-06-26 10:35:08',7),(180,'菜单管理',3,'com.ruoyi.web.controller.system.SysMenuController.remove()','DELETE',1,'admin',NULL,'/system/menu/2031','127.0.0.1','内网IP','{}','{\"msg\":\"操作成功\",\"code\":200}',0,NULL,'2023-06-26 10:35:10',5),(181,'菜单管理',3,'com.ruoyi.web.controller.system.SysMenuController.remove()','DELETE',1,'admin',NULL,'/system/menu/2037','127.0.0.1','内网IP','{}','{\"msg\":\"操作成功\",\"code\":200}',0,NULL,'2023-06-26 10:35:12',5),(182,'代码生成',3,'com.ruoyi.generator.controller.GenController.remove()','DELETE',1,'admin',NULL,'/tool/gen/12,13,14,15,16,17,18,19,20,21','127.0.0.1','内网IP','{}','{\"msg\":\"操作成功\",\"code\":200}',0,NULL,'2023-06-26 10:36:23',18),(183,'代码生成',6,'com.ruoyi.generator.controller.GenController.importTableSave()','POST',1,'admin',NULL,'/tool/gen/importTable','127.0.0.1','内网IP','{\"tables\":\"self_complaints,self_visit_victors,self_parking_cars,self_hotel_rooms,self_emergencies,self_attendances,self_hotel_prices,self_hotel_orders,self_visitors,self_visit_prices\"}','{\"msg\":\"操作成功\",\"code\":200}',0,NULL,'2023-06-26 10:36:28',160),(184,'代码生成',2,'com.ruoyi.generator.controller.GenController.editSave()','PUT',1,'admin',NULL,'/tool/gen','127.0.0.1','内网IP','{\"businessName\":\"attendances\",\"className\":\"SelfAttendances\",\"columns\":[{\"capJavaField\":\"Id\",\"columnComment\":\"ID\",\"columnId\":114,\"columnName\":\"id\",\"columnType\":\"int(11)\",\"createBy\":\"admin\",\"createTime\":\"2023-06-26 10:36:28\",\"dictType\":\"\",\"edit\":false,\"htmlType\":\"input\",\"increment\":true,\"insert\":true,\"isIncrement\":\"1\",\"isInsert\":\"1\",\"isPk\":\"1\",\"javaField\":\"id\",\"javaType\":\"Long\",\"list\":false,\"params\":{},\"pk\":true,\"query\":false,\"queryType\":\"EQ\",\"required\":false,\"sort\":1,\"superColumn\":false,\"tableId\":22,\"updateBy\":\"\",\"usableColumn\":false},{\"capJavaField\":\"EmployeeId\",\"columnComment\":\"员工ID\",\"columnId\":115,\"columnName\":\"employee_id\",\"columnType\":\"varchar(11)\",\"createBy\":\"admin\",\"createTime\":\"2023-06-26 10:36:28\",\"dictType\":\"\",\"edit\":true,\"htmlType\":\"input\",\"increment\":false,\"insert\":true,\"isEdit\":\"1\",\"isIncrement\":\"0\",\"isInsert\":\"1\",\"isList\":\"1\",\"isPk\":\"0\",\"isQuery\":\"1\",\"javaField\":\"employeeId\",\"javaType\":\"String\",\"list\":true,\"params\":{},\"pk\":false,\"query\":true,\"queryType\":\"LIKE\",\"required\":false,\"sort\":2,\"superColumn\":false,\"tableId\":22,\"updateBy\":\"\",\"usableColumn\":false},{\"capJavaField\":\"EmployeeName\",\"columnComment\":\"员工姓名\",\"columnId\":116,\"columnName\":\"employee_name\",\"columnType\":\"varchar(255)\",\"createBy\":\"admin\",\"createTime\":\"2023-06-26 10:36:28\",\"dictType\":\"\",\"edit\":true,\"htmlType\":\"input\",\"increment\":false,\"insert\":true,\"isEdit\":\"1\",\"isIncrement\":\"0\",\"isInsert\":\"1\",\"isList\":\"1\",\"isPk\":\"0\",\"isQuery\":\"1\",\"javaField\":\"employeeName\",\"javaType\":\"String\",\"list\":true,\"params\":{},\"pk\":false,\"query\":true,\"queryType\":\"LIKE\",\"required\":false,\"sort\":3,\"superColumn\":false,\"tableId\":22,\"updateBy\":\"\",\"usableColumn\":false},{\"capJavaField\":\"StateWorking\",\"columnComment\":\"考勤状态\",\"columnId\":117,\"columnName\":\"state_working\",\"columnType\":\"varchar(4)\",\"createBy\":\"admin\",\"createTime\":\"2023-06-26 10:36:28\",\"dictType\":\"\",\"edit\":true,\"htmlType\":\"input\",\"increment\":false,\"insert\":true,\"isEdit\":\"1\",\"isIncrement\":\"0\",\"isInsert\":\"1\",\"isList\":\"1\",\"isPk\":\"0\",\"isQuery\":\"1\",\"javaField\":\"stateWorking\",\"','{\"msg\":\"操作成功\",\"code\":200}',0,NULL,'2023-06-26 10:37:23',20),(185,'代码生成',2,'com.ruoyi.generator.controller.GenController.editSave()','PUT',1,'admin',NULL,'/tool/gen','127.0.0.1','内网IP','{\"businessName\":\"complaints\",\"className\":\"SelfComplaints\",\"columns\":[{\"capJavaField\":\"Id\",\"columnComment\":\"ID\",\"columnId\":118,\"columnName\":\"id\",\"columnType\":\"int(11)\",\"createBy\":\"admin\",\"createTime\":\"2023-06-26 10:36:28\",\"dictType\":\"\",\"edit\":false,\"htmlType\":\"input\",\"increment\":true,\"insert\":true,\"isIncrement\":\"1\",\"isInsert\":\"1\",\"isPk\":\"1\",\"javaField\":\"id\",\"javaType\":\"Long\",\"list\":false,\"params\":{},\"pk\":true,\"query\":false,\"queryType\":\"EQ\",\"required\":false,\"sort\":1,\"superColumn\":false,\"tableId\":23,\"updateBy\":\"\",\"usableColumn\":false},{\"capJavaField\":\"ComplaintsId\",\"columnComment\":\"投诉ID\",\"columnId\":119,\"columnName\":\"complaints_id\",\"columnType\":\"int(11)\",\"createBy\":\"admin\",\"createTime\":\"2023-06-26 10:36:28\",\"dictType\":\"\",\"edit\":true,\"htmlType\":\"input\",\"increment\":false,\"insert\":true,\"isEdit\":\"1\",\"isIncrement\":\"0\",\"isInsert\":\"1\",\"isList\":\"1\",\"isPk\":\"0\",\"isQuery\":\"1\",\"isRequired\":\"1\",\"javaField\":\"complaintsId\",\"javaType\":\"Long\",\"list\":true,\"params\":{},\"pk\":false,\"query\":true,\"queryType\":\"EQ\",\"required\":true,\"sort\":2,\"superColumn\":false,\"tableId\":23,\"updateBy\":\"\",\"usableColumn\":false},{\"capJavaField\":\"ComplaintsMessage\",\"columnComment\":\"投诉信息\",\"columnId\":120,\"columnName\":\"complaints_message\",\"columnType\":\"text\",\"createBy\":\"admin\",\"createTime\":\"2023-06-26 10:36:28\",\"dictType\":\"\",\"edit\":true,\"htmlType\":\"textarea\",\"increment\":false,\"insert\":true,\"isEdit\":\"1\",\"isIncrement\":\"0\",\"isInsert\":\"1\",\"isList\":\"1\",\"isPk\":\"0\",\"isQuery\":\"1\",\"isRequired\":\"1\",\"javaField\":\"complaintsMessage\",\"javaType\":\"String\",\"list\":true,\"params\":{},\"pk\":false,\"query\":true,\"queryType\":\"LIKE\",\"required\":true,\"sort\":3,\"superColumn\":false,\"tableId\":23,\"updateBy\":\"\",\"usableColumn\":false},{\"capJavaField\":\"ComplaintsDate\",\"columnComment\":\"投诉日期\",\"columnId\":121,\"columnName\":\"complaints_date\",\"columnType\":\"datetime\",\"createBy\":\"admin\",\"createTime\":\"2023-06-26 10:36:28\",\"dictType\":\"\",\"edit\":true,\"htmlType\":\"datetime\",\"increment\":false,\"insert\":true,\"isEdit\":\"1\",\"isIncrement\":\"0\",\"isInsert\":\"1\",\"isList\":\"1\",\"isPk\":\"0\"','{\"msg\":\"操作成功\",\"code\":200}',0,NULL,'2023-06-26 10:40:21',20),(186,'代码生成',2,'com.ruoyi.generator.controller.GenController.editSave()','PUT',1,'admin',NULL,'/tool/gen','127.0.0.1','内网IP','{\"businessName\":\"emergencies\",\"className\":\"SelfEmergencies\",\"columns\":[{\"capJavaField\":\"Id\",\"columnComment\":\"ID\",\"columnId\":125,\"columnName\":\"id\",\"columnType\":\"int(11)\",\"createBy\":\"admin\",\"createTime\":\"2023-06-26 10:36:28\",\"dictType\":\"\",\"edit\":false,\"htmlType\":\"input\",\"increment\":true,\"insert\":true,\"isIncrement\":\"1\",\"isInsert\":\"1\",\"isPk\":\"1\",\"javaField\":\"id\",\"javaType\":\"Long\",\"list\":false,\"params\":{},\"pk\":true,\"query\":false,\"queryType\":\"EQ\",\"required\":false,\"sort\":1,\"superColumn\":false,\"tableId\":24,\"updateBy\":\"\",\"usableColumn\":false},{\"capJavaField\":\"Location\",\"columnComment\":\"地点\",\"columnId\":126,\"columnName\":\"location\",\"columnType\":\"varchar(255)\",\"createBy\":\"admin\",\"createTime\":\"2023-06-26 10:36:28\",\"dictType\":\"\",\"edit\":true,\"htmlType\":\"input\",\"increment\":false,\"insert\":true,\"isEdit\":\"1\",\"isIncrement\":\"0\",\"isInsert\":\"1\",\"isList\":\"1\",\"isPk\":\"0\",\"isQuery\":\"1\",\"javaField\":\"location\",\"javaType\":\"String\",\"list\":true,\"params\":{},\"pk\":false,\"query\":true,\"queryType\":\"LIKE\",\"required\":false,\"sort\":2,\"superColumn\":false,\"tableId\":24,\"updateBy\":\"\",\"usableColumn\":false},{\"capJavaField\":\"EmergenciesMessage\",\"columnComment\":\"信息\",\"columnId\":127,\"columnName\":\"emergencies_message\",\"columnType\":\"text\",\"createBy\":\"admin\",\"createTime\":\"2023-06-26 10:36:28\",\"dictType\":\"\",\"edit\":true,\"htmlType\":\"textarea\",\"increment\":false,\"insert\":true,\"isEdit\":\"1\",\"isIncrement\":\"0\",\"isInsert\":\"1\",\"isList\":\"1\",\"isPk\":\"0\",\"isQuery\":\"1\",\"javaField\":\"emergenciesMessage\",\"javaType\":\"String\",\"list\":true,\"params\":{},\"pk\":false,\"query\":true,\"queryType\":\"LIKE\",\"required\":false,\"sort\":3,\"superColumn\":false,\"tableId\":24,\"updateBy\":\"\",\"usableColumn\":false},{\"capJavaField\":\"Department\",\"columnComment\":\"处理部门\",\"columnId\":128,\"columnName\":\"department\",\"columnType\":\"varchar(255)\",\"createBy\":\"admin\",\"createTime\":\"2023-06-26 10:36:28\",\"dictType\":\"\",\"edit\":true,\"htmlType\":\"input\",\"increment\":false,\"insert\":true,\"isEdit\":\"1\",\"isIncrement\":\"0\",\"isInsert\":\"1\",\"isList\":\"1\",\"isPk\":\"0\",\"isQuery\":\"1\",\"javaField\":\"department\",\"ja','{\"msg\":\"操作成功\",\"code\":200}',0,NULL,'2023-06-26 10:41:37',13),(187,'代码生成',2,'com.ruoyi.generator.controller.GenController.editSave()','PUT',1,'admin',NULL,'/tool/gen','127.0.0.1','内网IP','{\"businessName\":\"orders\",\"className\":\"SelfHotelOrders\",\"columns\":[{\"capJavaField\":\"Id\",\"columnComment\":\"ID\",\"columnId\":132,\"columnName\":\"id\",\"columnType\":\"int(11)\",\"createBy\":\"admin\",\"createTime\":\"2023-06-26 10:36:28\",\"dictType\":\"\",\"edit\":false,\"htmlType\":\"input\",\"increment\":true,\"insert\":true,\"isIncrement\":\"1\",\"isInsert\":\"1\",\"isPk\":\"1\",\"javaField\":\"id\",\"javaType\":\"Long\",\"list\":false,\"params\":{},\"pk\":true,\"query\":false,\"queryType\":\"EQ\",\"required\":false,\"sort\":1,\"superColumn\":false,\"tableId\":25,\"updateBy\":\"\",\"usableColumn\":false},{\"capJavaField\":\"OrderId\",\"columnComment\":\"订单ID\",\"columnId\":133,\"columnName\":\"order_id\",\"columnType\":\"int(11)\",\"createBy\":\"admin\",\"createTime\":\"2023-06-26 10:36:28\",\"dictType\":\"\",\"edit\":true,\"htmlType\":\"input\",\"increment\":false,\"insert\":true,\"isEdit\":\"1\",\"isIncrement\":\"0\",\"isInsert\":\"1\",\"isList\":\"1\",\"isPk\":\"0\",\"isQuery\":\"1\",\"javaField\":\"orderId\",\"javaType\":\"Long\",\"list\":true,\"params\":{},\"pk\":false,\"query\":true,\"queryType\":\"LIKE\",\"required\":false,\"sort\":2,\"superColumn\":false,\"tableId\":25,\"updateBy\":\"\",\"usableColumn\":false},{\"capJavaField\":\"CnId\",\"columnComment\":\"身份证号\",\"columnId\":134,\"columnName\":\"cn_id\",\"columnType\":\"varchar(255)\",\"createBy\":\"admin\",\"createTime\":\"2023-06-26 10:36:28\",\"dictType\":\"\",\"edit\":true,\"htmlType\":\"input\",\"increment\":false,\"insert\":true,\"isEdit\":\"1\",\"isIncrement\":\"0\",\"isInsert\":\"1\",\"isList\":\"1\",\"isPk\":\"0\",\"isQuery\":\"1\",\"javaField\":\"cnId\",\"javaType\":\"String\",\"list\":true,\"params\":{},\"pk\":false,\"query\":true,\"queryType\":\"LIKE\",\"required\":false,\"sort\":3,\"superColumn\":false,\"tableId\":25,\"updateBy\":\"\",\"usableColumn\":false}],\"crud\":true,\"functionAuthor\":\"ruoyi\",\"functionName\":\"酒店订单\",\"genPath\":\"/\",\"genType\":\"0\",\"moduleName\":\"system\",\"options\":\"{\\\"parentMenuId\\\":2000}\",\"packageName\":\"com.ruoyi.system\",\"params\":{\"parentMenuId\":2000},\"parentMenuId\":\"2000\",\"sub\":false,\"tableComment\":\"酒店订单表\",\"tableId\":25,\"tableName\":\"self_hotel_orders\",\"tplCategory\":\"crud\",\"tree\":false}','{\"msg\":\"操作成功\",\"code\":200}',0,NULL,'2023-06-26 10:42:11',7),(188,'代码生成',2,'com.ruoyi.generator.controller.GenController.editSave()','PUT',1,'admin',NULL,'/tool/gen','127.0.0.1','内网IP','{\"businessName\":\"prices\",\"className\":\"SelfHotelPrices\",\"columns\":[{\"capJavaField\":\"Id\",\"columnComment\":\"ID\",\"columnId\":135,\"columnName\":\"id\",\"columnType\":\"int(11)\",\"createBy\":\"admin\",\"createTime\":\"2023-06-26 10:36:28\",\"dictType\":\"\",\"edit\":false,\"htmlType\":\"input\",\"increment\":true,\"insert\":true,\"isIncrement\":\"1\",\"isInsert\":\"1\",\"isPk\":\"1\",\"javaField\":\"id\",\"javaType\":\"Long\",\"list\":false,\"params\":{},\"pk\":true,\"query\":false,\"queryType\":\"EQ\",\"required\":false,\"sort\":1,\"superColumn\":false,\"tableId\":26,\"updateBy\":\"\",\"usableColumn\":false},{\"capJavaField\":\"Class\",\"columnComment\":\"房间类型\",\"columnId\":136,\"columnName\":\"class\",\"columnType\":\"varchar(255)\",\"createBy\":\"admin\",\"createTime\":\"2023-06-26 10:36:28\",\"dictType\":\"\",\"edit\":true,\"htmlType\":\"input\",\"increment\":false,\"insert\":true,\"isEdit\":\"1\",\"isIncrement\":\"0\",\"isInsert\":\"1\",\"isList\":\"1\",\"isPk\":\"0\",\"isQuery\":\"1\",\"javaField\":\"class\",\"javaType\":\"String\",\"list\":true,\"params\":{},\"pk\":false,\"query\":true,\"queryType\":\"LIKE\",\"required\":false,\"sort\":2,\"superColumn\":false,\"tableId\":26,\"updateBy\":\"\",\"usableColumn\":false},{\"capJavaField\":\"Price\",\"columnComment\":\"房间价格\",\"columnId\":137,\"columnName\":\"price\",\"columnType\":\"varchar(255)\",\"createBy\":\"admin\",\"createTime\":\"2023-06-26 10:36:28\",\"dictType\":\"\",\"edit\":true,\"htmlType\":\"input\",\"increment\":false,\"insert\":true,\"isEdit\":\"1\",\"isIncrement\":\"0\",\"isInsert\":\"1\",\"isList\":\"1\",\"isPk\":\"0\",\"isQuery\":\"1\",\"javaField\":\"price\",\"javaType\":\"String\",\"list\":true,\"params\":{},\"pk\":false,\"query\":true,\"queryType\":\"LIKE\",\"required\":false,\"sort\":3,\"superColumn\":false,\"tableId\":26,\"updateBy\":\"\",\"usableColumn\":false},{\"capJavaField\":\"TotalRooms\",\"columnComment\":\"房间总数\",\"columnId\":138,\"columnName\":\"total_rooms\",\"columnType\":\"int(11)\",\"createBy\":\"admin\",\"createTime\":\"2023-06-26 10:36:28\",\"dictType\":\"\",\"edit\":true,\"htmlType\":\"input\",\"increment\":false,\"insert\":true,\"isEdit\":\"1\",\"isIncrement\":\"0\",\"isInsert\":\"1\",\"isList\":\"1\",\"isPk\":\"0\",\"isQuery\":\"1\",\"javaField\":\"totalRooms\",\"javaType\":\"Long\",\"list\":true,\"params\":{},\"pk\":false','{\"msg\":\"操作成功\",\"code\":200}',0,NULL,'2023-06-26 10:43:34',10),(189,'代码生成',2,'com.ruoyi.generator.controller.GenController.editSave()','PUT',1,'admin',NULL,'/tool/gen','127.0.0.1','内网IP','{\"businessName\":\"rooms\",\"className\":\"SelfHotelRooms\",\"columns\":[{\"capJavaField\":\"Id\",\"columnComment\":\"ID\",\"columnId\":140,\"columnName\":\"id\",\"columnType\":\"int(11)\",\"createBy\":\"admin\",\"createTime\":\"2023-06-26 10:36:28\",\"dictType\":\"\",\"edit\":false,\"htmlType\":\"input\",\"increment\":true,\"insert\":true,\"isIncrement\":\"1\",\"isInsert\":\"1\",\"isPk\":\"1\",\"javaField\":\"id\",\"javaType\":\"Long\",\"list\":false,\"params\":{},\"pk\":true,\"query\":false,\"queryType\":\"EQ\",\"required\":false,\"sort\":1,\"superColumn\":false,\"tableId\":27,\"updateBy\":\"\",\"usableColumn\":false},{\"capJavaField\":\"RoomId\",\"columnComment\":\"房间ID\",\"columnId\":141,\"columnName\":\"room_id\",\"columnType\":\"int(11)\",\"createBy\":\"admin\",\"createTime\":\"2023-06-26 10:36:28\",\"dictType\":\"\",\"edit\":true,\"htmlType\":\"input\",\"increment\":false,\"insert\":true,\"isEdit\":\"1\",\"isIncrement\":\"0\",\"isInsert\":\"1\",\"isList\":\"1\",\"isPk\":\"0\",\"isQuery\":\"1\",\"javaField\":\"roomId\",\"javaType\":\"Long\",\"list\":true,\"params\":{},\"pk\":false,\"query\":true,\"queryType\":\"LIKE\",\"required\":false,\"sort\":2,\"superColumn\":false,\"tableId\":27,\"updateBy\":\"\",\"usableColumn\":false},{\"capJavaField\":\"Class\",\"columnComment\":\"房间类型\",\"columnId\":142,\"columnName\":\"class\",\"columnType\":\"varchar(255)\",\"createBy\":\"admin\",\"createTime\":\"2023-06-26 10:36:28\",\"dictType\":\"\",\"edit\":true,\"htmlType\":\"input\",\"increment\":false,\"insert\":true,\"isEdit\":\"1\",\"isIncrement\":\"0\",\"isInsert\":\"1\",\"isList\":\"1\",\"isPk\":\"0\",\"isQuery\":\"1\",\"javaField\":\"class\",\"javaType\":\"String\",\"list\":true,\"params\":{},\"pk\":false,\"query\":true,\"queryType\":\"LIKE\",\"required\":false,\"sort\":3,\"superColumn\":false,\"tableId\":27,\"updateBy\":\"\",\"usableColumn\":false},{\"capJavaField\":\"OrderId\",\"columnComment\":\"订单号\",\"columnId\":143,\"columnName\":\"order_id\",\"columnType\":\"int(11)\",\"createBy\":\"admin\",\"createTime\":\"2023-06-26 10:36:28\",\"dictType\":\"\",\"edit\":true,\"htmlType\":\"input\",\"increment\":false,\"insert\":true,\"isEdit\":\"1\",\"isIncrement\":\"0\",\"isInsert\":\"1\",\"isList\":\"1\",\"isPk\":\"0\",\"isQuery\":\"1\",\"javaField\":\"orderId\",\"javaType\":\"Long\",\"list\":true,\"params\":{},\"pk\":false,\"query\":true,\"','{\"msg\":\"操作成功\",\"code\":200}',0,NULL,'2023-06-26 10:44:32',10),(190,'代码生成',2,'com.ruoyi.generator.controller.GenController.editSave()','PUT',1,'admin',NULL,'/tool/gen','127.0.0.1','内网IP','{\"businessName\":\"cars\",\"className\":\"SelfParkingCars\",\"columns\":[{\"capJavaField\":\"Id\",\"columnComment\":\"ID\",\"columnId\":145,\"columnName\":\"id\",\"columnType\":\"int(11)\",\"createBy\":\"admin\",\"createTime\":\"2023-06-26 10:36:28\",\"dictType\":\"\",\"edit\":false,\"htmlType\":\"input\",\"increment\":true,\"insert\":true,\"isIncrement\":\"1\",\"isInsert\":\"1\",\"isPk\":\"1\",\"javaField\":\"id\",\"javaType\":\"Long\",\"list\":false,\"params\":{},\"pk\":true,\"query\":false,\"queryType\":\"EQ\",\"required\":false,\"sort\":1,\"superColumn\":false,\"tableId\":28,\"updateBy\":\"\",\"usableColumn\":false},{\"capJavaField\":\"CarId\",\"columnComment\":\"车牌号\",\"columnId\":146,\"columnName\":\"car_id\",\"columnType\":\"varchar(255)\",\"createBy\":\"admin\",\"createTime\":\"2023-06-26 10:36:28\",\"dictType\":\"\",\"edit\":true,\"htmlType\":\"input\",\"increment\":false,\"insert\":true,\"isEdit\":\"1\",\"isIncrement\":\"0\",\"isInsert\":\"1\",\"isList\":\"1\",\"isPk\":\"0\",\"isQuery\":\"1\",\"javaField\":\"carId\",\"javaType\":\"String\",\"list\":true,\"params\":{},\"pk\":false,\"query\":true,\"queryType\":\"LIKE\",\"required\":false,\"sort\":2,\"superColumn\":false,\"tableId\":28,\"updateBy\":\"\",\"usableColumn\":false},{\"capJavaField\":\"InTime\",\"columnComment\":\"入场时间\",\"columnId\":147,\"columnName\":\"in_time\",\"columnType\":\"datetime\",\"createBy\":\"admin\",\"createTime\":\"2023-06-26 10:36:28\",\"dictType\":\"\",\"edit\":true,\"htmlType\":\"datetime\",\"increment\":false,\"insert\":true,\"isEdit\":\"1\",\"isIncrement\":\"0\",\"isInsert\":\"1\",\"isList\":\"1\",\"isPk\":\"0\",\"isQuery\":\"1\",\"javaField\":\"inTime\",\"javaType\":\"Date\",\"list\":true,\"params\":{},\"pk\":false,\"query\":true,\"queryType\":\"BETWEEN\",\"required\":false,\"sort\":3,\"superColumn\":false,\"tableId\":28,\"updateBy\":\"\",\"usableColumn\":false},{\"capJavaField\":\"OutTime\",\"columnComment\":\"出场时间\",\"columnId\":148,\"columnName\":\"out_time\",\"columnType\":\"datetime\",\"createBy\":\"admin\",\"createTime\":\"2023-06-26 10:36:28\",\"dictType\":\"\",\"edit\":true,\"htmlType\":\"datetime\",\"increment\":false,\"insert\":true,\"isEdit\":\"1\",\"isIncrement\":\"0\",\"isInsert\":\"1\",\"isList\":\"1\",\"isPk\":\"0\",\"isQuery\":\"1\",\"javaField\":\"outTime\",\"javaType\":\"Date\",\"list\":true,\"params\":{},\"pk\":false,\"q','{\"msg\":\"操作成功\",\"code\":200}',0,NULL,'2023-06-26 10:45:33',11),(191,'代码生成',2,'com.ruoyi.generator.controller.GenController.editSave()','PUT',1,'admin',NULL,'/tool/gen','127.0.0.1','内网IP','{\"businessName\":\"prices\",\"className\":\"SelfVisitPrices\",\"columns\":[{\"capJavaField\":\"Id\",\"columnComment\":\"ID\",\"columnId\":151,\"columnName\":\"id\",\"columnType\":\"int(11)\",\"createBy\":\"admin\",\"createTime\":\"2023-06-26 10:36:28\",\"dictType\":\"\",\"edit\":false,\"htmlType\":\"input\",\"increment\":true,\"insert\":true,\"isIncrement\":\"1\",\"isInsert\":\"1\",\"isPk\":\"1\",\"javaField\":\"id\",\"javaType\":\"Long\",\"list\":false,\"params\":{},\"pk\":true,\"query\":false,\"queryType\":\"EQ\",\"required\":false,\"sort\":1,\"superColumn\":false,\"tableId\":29,\"updateBy\":\"\",\"usableColumn\":false},{\"capJavaField\":\"Class\",\"columnComment\":\"门票类型\",\"columnId\":152,\"columnName\":\"class\",\"columnType\":\"varchar(255)\",\"createBy\":\"admin\",\"createTime\":\"2023-06-26 10:36:28\",\"dictType\":\"\",\"edit\":true,\"htmlType\":\"input\",\"increment\":false,\"insert\":true,\"isEdit\":\"1\",\"isIncrement\":\"0\",\"isInsert\":\"1\",\"isList\":\"1\",\"isPk\":\"0\",\"isQuery\":\"1\",\"javaField\":\"class\",\"javaType\":\"String\",\"list\":true,\"params\":{},\"pk\":false,\"query\":true,\"queryType\":\"LIKE\",\"required\":false,\"sort\":2,\"superColumn\":false,\"tableId\":29,\"updateBy\":\"\",\"usableColumn\":false},{\"capJavaField\":\"Price\",\"columnComment\":\"门票价格\",\"columnId\":153,\"columnName\":\"price\",\"columnType\":\"varchar(255)\",\"createBy\":\"admin\",\"createTime\":\"2023-06-26 10:36:28\",\"dictType\":\"\",\"edit\":true,\"htmlType\":\"input\",\"increment\":false,\"insert\":true,\"isEdit\":\"1\",\"isIncrement\":\"0\",\"isInsert\":\"1\",\"isList\":\"1\",\"isPk\":\"0\",\"isQuery\":\"1\",\"javaField\":\"price\",\"javaType\":\"String\",\"list\":true,\"params\":{},\"pk\":false,\"query\":true,\"queryType\":\"LIKE\",\"required\":false,\"sort\":3,\"superColumn\":false,\"tableId\":29,\"updateBy\":\"\",\"usableColumn\":false}],\"crud\":true,\"functionAuthor\":\"ruoyi\",\"functionName\":\"票价\",\"genPath\":\"/\",\"genType\":\"0\",\"moduleName\":\"system\",\"options\":\"{\\\"parentMenuId\\\":2000}\",\"packageName\":\"com.ruoyi.system\",\"params\":{\"parentMenuId\":2000},\"parentMenuId\":\"2000\",\"sub\":false,\"tableComment\":\"票价表\",\"tableId\":29,\"tableName\":\"self_visit_prices\",\"tplCategory\":\"crud\",\"tree\":false}','{\"msg\":\"操作成功\",\"code\":200}',0,NULL,'2023-06-26 10:47:12',7),(192,'代码生成',2,'com.ruoyi.generator.controller.GenController.editSave()','PUT',1,'admin',NULL,'/tool/gen','127.0.0.1','内网IP','{\"businessName\":\"victors\",\"className\":\"SelfVisitVictors\",\"columns\":[{\"capJavaField\":\"Id\",\"columnComment\":\"ID\",\"columnId\":154,\"columnName\":\"id\",\"columnType\":\"int(11)\",\"createBy\":\"admin\",\"createTime\":\"2023-06-26 10:36:28\",\"dictType\":\"\",\"edit\":false,\"htmlType\":\"input\",\"increment\":true,\"insert\":true,\"isIncrement\":\"1\",\"isInsert\":\"1\",\"isPk\":\"1\",\"javaField\":\"id\",\"javaType\":\"Long\",\"list\":false,\"params\":{},\"pk\":true,\"query\":false,\"queryType\":\"EQ\",\"required\":false,\"sort\":1,\"superColumn\":false,\"tableId\":30,\"updateBy\":\"\",\"usableColumn\":false},{\"capJavaField\":\"VisitId\",\"columnComment\":\"门票ID\",\"columnId\":155,\"columnName\":\"visit_id\",\"columnType\":\"int(11)\",\"createBy\":\"admin\",\"createTime\":\"2023-06-26 10:36:28\",\"dictType\":\"\",\"edit\":true,\"htmlType\":\"input\",\"increment\":false,\"insert\":true,\"isEdit\":\"1\",\"isIncrement\":\"0\",\"isInsert\":\"1\",\"isList\":\"1\",\"isPk\":\"0\",\"isQuery\":\"1\",\"javaField\":\"visitId\",\"javaType\":\"Long\",\"list\":true,\"params\":{},\"pk\":false,\"query\":true,\"queryType\":\"LIKE\",\"required\":false,\"sort\":2,\"superColumn\":false,\"tableId\":30,\"updateBy\":\"\",\"usableColumn\":false},{\"capJavaField\":\"CnId\",\"columnComment\":\"身份证号\",\"columnId\":156,\"columnName\":\"cn_id\",\"columnType\":\"varchar(255)\",\"createBy\":\"admin\",\"createTime\":\"2023-06-26 10:36:28\",\"dictType\":\"\",\"edit\":true,\"htmlType\":\"input\",\"increment\":false,\"insert\":true,\"isEdit\":\"1\",\"isIncrement\":\"0\",\"isInsert\":\"1\",\"isList\":\"1\",\"isPk\":\"0\",\"isQuery\":\"1\",\"javaField\":\"cnId\",\"javaType\":\"String\",\"list\":true,\"params\":{},\"pk\":false,\"query\":true,\"queryType\":\"LIKE\",\"required\":false,\"sort\":3,\"superColumn\":false,\"tableId\":30,\"updateBy\":\"\",\"usableColumn\":false},{\"capJavaField\":\"ScheduledDate\",\"columnComment\":\"预约日期\",\"columnId\":157,\"columnName\":\"scheduled_date\",\"columnType\":\"datetime\",\"createBy\":\"admin\",\"createTime\":\"2023-06-26 10:36:28\",\"dictType\":\"\",\"edit\":true,\"htmlType\":\"datetime\",\"increment\":false,\"insert\":true,\"isEdit\":\"1\",\"isIncrement\":\"0\",\"isInsert\":\"1\",\"isList\":\"1\",\"isPk\":\"0\",\"isQuery\":\"1\",\"javaField\":\"scheduledDate\",\"javaType\":\"Date\",\"list\":true,\"params\":','{\"msg\":\"操作成功\",\"code\":200}',0,NULL,'2023-06-26 10:49:23',16),(193,'代码生成',2,'com.ruoyi.generator.controller.GenController.editSave()','PUT',1,'admin',NULL,'/tool/gen','127.0.0.1','内网IP','{\"businessName\":\"visitors\",\"className\":\"SelfVisitors\",\"columns\":[{\"capJavaField\":\"Id\",\"columnComment\":\"ID\",\"columnId\":162,\"columnName\":\"id\",\"columnType\":\"int(11)\",\"createBy\":\"admin\",\"createTime\":\"2023-06-26 10:36:28\",\"dictType\":\"\",\"edit\":false,\"htmlType\":\"input\",\"increment\":true,\"insert\":true,\"isIncrement\":\"1\",\"isInsert\":\"1\",\"isPk\":\"1\",\"javaField\":\"id\",\"javaType\":\"Long\",\"list\":false,\"params\":{},\"pk\":true,\"query\":false,\"queryType\":\"EQ\",\"required\":false,\"sort\":1,\"superColumn\":false,\"tableId\":31,\"updateBy\":\"\",\"usableColumn\":false},{\"capJavaField\":\"CnId\",\"columnComment\":\"身份证号\",\"columnId\":163,\"columnName\":\"cn_id\",\"columnType\":\"varchar(255)\",\"createBy\":\"admin\",\"createTime\":\"2023-06-26 10:36:28\",\"dictType\":\"\",\"edit\":true,\"htmlType\":\"input\",\"increment\":false,\"insert\":true,\"isEdit\":\"1\",\"isIncrement\":\"0\",\"isInsert\":\"1\",\"isList\":\"1\",\"isPk\":\"0\",\"isQuery\":\"1\",\"isRequired\":\"1\",\"javaField\":\"cnId\",\"javaType\":\"String\",\"list\":true,\"params\":{},\"pk\":false,\"query\":true,\"queryType\":\"LIKE\",\"required\":true,\"sort\":2,\"superColumn\":false,\"tableId\":31,\"updateBy\":\"\",\"usableColumn\":false},{\"capJavaField\":\"VisitorsName\",\"columnComment\":\"游客姓名\",\"columnId\":164,\"columnName\":\"visitors_name\",\"columnType\":\"varchar(255)\",\"createBy\":\"admin\",\"createTime\":\"2023-06-26 10:36:28\",\"dictType\":\"\",\"edit\":true,\"htmlType\":\"input\",\"increment\":false,\"insert\":true,\"isEdit\":\"1\",\"isIncrement\":\"0\",\"isInsert\":\"1\",\"isList\":\"1\",\"isPk\":\"0\",\"isQuery\":\"1\",\"isRequired\":\"1\",\"javaField\":\"visitorsName\",\"javaType\":\"String\",\"list\":true,\"params\":{},\"pk\":false,\"query\":true,\"queryType\":\"LIKE\",\"required\":true,\"sort\":3,\"superColumn\":false,\"tableId\":31,\"updateBy\":\"\",\"usableColumn\":false},{\"capJavaField\":\"PhoneNumber\",\"columnComment\":\"手机号码\",\"columnId\":165,\"columnName\":\"phone_number\",\"columnType\":\"varchar(255)\",\"createBy\":\"admin\",\"createTime\":\"2023-06-26 10:36:28\",\"dictType\":\"\",\"edit\":true,\"htmlType\":\"input\",\"increment\":false,\"insert\":true,\"isEdit\":\"1\",\"isIncrement\":\"0\",\"isInsert\":\"1\",\"isList\":\"1\",\"isPk\":\"0\",\"isQuery\":\"1\",\"javaField\":\"phoneN','{\"msg\":\"操作成功\",\"code\":200}',0,NULL,'2023-06-26 10:50:55',11),(194,'代码生成',8,'com.ruoyi.generator.controller.GenController.batchGenCode()','GET',1,'admin',NULL,'/tool/gen/batchGenCode','127.0.0.1','内网IP','{\"tables\":\"self_attendances,self_complaints,self_emergencies,self_hotel_orders,self_hotel_prices,self_hotel_rooms,self_parking_cars,self_visit_prices,self_visit_victors,self_visitors\"}',NULL,0,NULL,'2023-06-26 10:51:40',309),(195,'代码生成',8,'com.ruoyi.generator.controller.GenController.batchGenCode()','GET',1,'admin',NULL,'/tool/gen/batchGenCode','127.0.0.1','内网IP','{\"tables\":\"self_attendances,self_complaints,self_emergencies,self_hotel_orders,self_hotel_prices,self_hotel_rooms,self_parking_cars,self_visit_prices,self_visit_victors,self_visitors\"}',NULL,0,NULL,'2023-06-26 10:52:11',192),(196,'代码生成',2,'com.ruoyi.generator.controller.GenController.synchDb()','GET',1,'admin',NULL,'/tool/gen/synchDb/self_attendances','127.0.0.1','内网IP','{}','{\"msg\":\"操作成功\",\"code\":200}',0,NULL,'2023-06-26 11:17:17',39),(197,'代码生成',2,'com.ruoyi.generator.controller.GenController.synchDb()','GET',1,'admin',NULL,'/tool/gen/synchDb/self_complaints','127.0.0.1','内网IP','{}','{\"msg\":\"操作成功\",\"code\":200}',0,NULL,'2023-06-26 11:17:18',28),(198,'代码生成',2,'com.ruoyi.generator.controller.GenController.synchDb()','GET',1,'admin',NULL,'/tool/gen/synchDb/self_emergencies','127.0.0.1','内网IP','{}','{\"msg\":\"操作成功\",\"code\":200}',0,NULL,'2023-06-26 11:17:19',23),(199,'代码生成',2,'com.ruoyi.generator.controller.GenController.synchDb()','GET',1,'admin',NULL,'/tool/gen/synchDb/self_hotel_orders','127.0.0.1','内网IP','{}','{\"msg\":\"操作成功\",\"code\":200}',0,NULL,'2023-06-26 11:17:20',17),(200,'代码生成',2,'com.ruoyi.generator.controller.GenController.synchDb()','GET',1,'admin',NULL,'/tool/gen/synchDb/self_hotel_prices','127.0.0.1','内网IP','{}','{\"msg\":\"操作成功\",\"code\":200}',0,NULL,'2023-06-26 11:17:22',27),(201,'代码生成',2,'com.ruoyi.generator.controller.GenController.synchDb()','GET',1,'admin',NULL,'/tool/gen/synchDb/self_hotel_rooms','127.0.0.1','内网IP','{}','{\"msg\":\"操作成功\",\"code\":200}',0,NULL,'2023-06-26 11:17:23',30),(202,'代码生成',2,'com.ruoyi.generator.controller.GenController.synchDb()','GET',1,'admin',NULL,'/tool/gen/synchDb/self_parking_cars','127.0.0.1','内网IP','{}','{\"msg\":\"操作成功\",\"code\":200}',0,NULL,'2023-06-26 11:17:24',20),(203,'代码生成',2,'com.ruoyi.generator.controller.GenController.synchDb()','GET',1,'admin',NULL,'/tool/gen/synchDb/self_visit_prices','127.0.0.1','内网IP','{}','{\"msg\":\"操作成功\",\"code\":200}',0,NULL,'2023-06-26 11:17:25',18),(204,'代码生成',2,'com.ruoyi.generator.controller.GenController.synchDb()','GET',1,'admin',NULL,'/tool/gen/synchDb/self_visit_victors','127.0.0.1','内网IP','{}','{\"msg\":\"操作成功\",\"code\":200}',0,NULL,'2023-06-26 11:17:27',26),(205,'代码生成',2,'com.ruoyi.generator.controller.GenController.synchDb()','GET',1,'admin',NULL,'/tool/gen/synchDb/self_visitors','127.0.0.1','内网IP','{}','{\"msg\":\"操作成功\",\"code\":200}',0,NULL,'2023-06-26 11:17:28',21),(206,'菜单管理',3,'com.ruoyi.web.controller.system.SysMenuController.remove()','DELETE',1,'admin',NULL,'/system/menu/2044','127.0.0.1','内网IP','{}','{\"msg\":\"操作成功\",\"code\":200}',0,NULL,'2023-06-26 11:19:12',11),(207,'菜单管理',3,'com.ruoyi.web.controller.system.SysMenuController.remove()','DELETE',1,'admin',NULL,'/system/menu/2045','127.0.0.1','内网IP','{}','{\"msg\":\"操作成功\",\"code\":200}',0,NULL,'2023-06-26 11:19:14',6),(208,'菜单管理',3,'com.ruoyi.web.controller.system.SysMenuController.remove()','DELETE',1,'admin',NULL,'/system/menu/2048','127.0.0.1','内网IP','{}','{\"msg\":\"操作成功\",\"code\":200}',0,NULL,'2023-06-26 11:19:16',8),(209,'菜单管理',3,'com.ruoyi.web.controller.system.SysMenuController.remove()','DELETE',1,'admin',NULL,'/system/menu/2047','127.0.0.1','内网IP','{}','{\"msg\":\"操作成功\",\"code\":200}',0,NULL,'2023-06-26 11:19:18',7),(210,'菜单管理',3,'com.ruoyi.web.controller.system.SysMenuController.remove()','DELETE',1,'admin',NULL,'/system/menu/2046','127.0.0.1','内网IP','{}','{\"msg\":\"操作成功\",\"code\":200}',0,NULL,'2023-06-26 11:19:20',7),(211,'菜单管理',3,'com.ruoyi.web.controller.system.SysMenuController.remove()','DELETE',1,'admin',NULL,'/system/menu/2043','127.0.0.1','内网IP','{}','{\"msg\":\"操作成功\",\"code\":200}',0,NULL,'2023-06-26 11:19:22',9),(212,'菜单管理',3,'com.ruoyi.web.controller.system.SysMenuController.remove()','DELETE',1,'admin',NULL,'/system/menu/2066','127.0.0.1','内网IP','{}','{\"msg\":\"操作成功\",\"code\":200}',0,NULL,'2023-06-26 11:19:29',8),(213,'菜单管理',3,'com.ruoyi.web.controller.system.SysMenuController.remove()','DELETE',1,'admin',NULL,'/system/menu/2065','127.0.0.1','内网IP','{}','{\"msg\":\"操作成功\",\"code\":200}',0,NULL,'2023-06-26 11:19:31',8),(214,'菜单管理',3,'com.ruoyi.web.controller.system.SysMenuController.remove()','DELETE',1,'admin',NULL,'/system/menu/2064','127.0.0.1','内网IP','{}','{\"msg\":\"操作成功\",\"code\":200}',0,NULL,'2023-06-26 11:19:34',7),(215,'菜单管理',3,'com.ruoyi.web.controller.system.SysMenuController.remove()','DELETE',1,'admin',NULL,'/system/menu/2063','127.0.0.1','内网IP','{}','{\"msg\":\"操作成功\",\"code\":200}',0,NULL,'2023-06-26 11:19:35',9),(216,'菜单管理',3,'com.ruoyi.web.controller.system.SysMenuController.remove()','DELETE',1,'admin',NULL,'/system/menu/2062','127.0.0.1','内网IP','{}','{\"msg\":\"操作成功\",\"code\":200}',0,NULL,'2023-06-26 11:19:37',7),(217,'菜单管理',3,'com.ruoyi.web.controller.system.SysMenuController.remove()','DELETE',1,'admin',NULL,'/system/menu/2061','127.0.0.1','内网IP','{}','{\"msg\":\"操作成功\",\"code\":200}',0,NULL,'2023-06-26 11:19:39',7),(218,'菜单管理',3,'com.ruoyi.web.controller.system.SysMenuController.remove()','DELETE',1,'admin',NULL,'/system/menu/2060','127.0.0.1','内网IP','{}','{\"msg\":\"操作成功\",\"code\":200}',0,NULL,'2023-06-26 11:19:41',6),(219,'菜单管理',3,'com.ruoyi.web.controller.system.SysMenuController.remove()','DELETE',1,'admin',NULL,'/system/menu/2059','127.0.0.1','内网IP','{}','{\"msg\":\"操作成功\",\"code\":200}',0,NULL,'2023-06-26 11:19:43',7),(220,'菜单管理',3,'com.ruoyi.web.controller.system.SysMenuController.remove()','DELETE',1,'admin',NULL,'/system/menu/2058','127.0.0.1','内网IP','{}','{\"msg\":\"操作成功\",\"code\":200}',0,NULL,'2023-06-26 11:19:45',8),(221,'菜单管理',3,'com.ruoyi.web.controller.system.SysMenuController.remove()','DELETE',1,'admin',NULL,'/system/menu/2057','127.0.0.1','内网IP','{}','{\"msg\":\"操作成功\",\"code\":200}',0,NULL,'2023-06-26 11:19:47',7),(222,'菜单管理',3,'com.ruoyi.web.controller.system.SysMenuController.remove()','DELETE',1,'admin',NULL,'/system/menu/2056','127.0.0.1','内网IP','{}','{\"msg\":\"操作成功\",\"code\":200}',0,NULL,'2023-06-26 11:19:50',7),(223,'菜单管理',3,'com.ruoyi.web.controller.system.SysMenuController.remove()','DELETE',1,'admin',NULL,'/system/menu/2055','127.0.0.1','内网IP','{}','{\"msg\":\"操作成功\",\"code\":200}',0,NULL,'2023-06-26 11:19:52',6),(224,'菜单管理',3,'com.ruoyi.web.controller.system.SysMenuController.remove()','DELETE',1,'admin',NULL,'/system/menu/2054','127.0.0.1','内网IP','{}','{\"msg\":\"操作成功\",\"code\":200}',0,NULL,'2023-06-26 11:19:54',7),(225,'菜单管理',3,'com.ruoyi.web.controller.system.SysMenuController.remove()','DELETE',1,'admin',NULL,'/system/menu/2053','127.0.0.1','内网IP','{}','{\"msg\":\"操作成功\",\"code\":200}',0,NULL,'2023-06-26 11:19:56',6),(226,'菜单管理',3,'com.ruoyi.web.controller.system.SysMenuController.remove()','DELETE',1,'admin',NULL,'/system/menu/2052','127.0.0.1','内网IP','{}','{\"msg\":\"操作成功\",\"code\":200}',0,NULL,'2023-06-26 11:19:57',8),(227,'菜单管理',3,'com.ruoyi.web.controller.system.SysMenuController.remove()','DELETE',1,'admin',NULL,'/system/menu/2051','127.0.0.1','内网IP','{}','{\"msg\":\"操作成功\",\"code\":200}',0,NULL,'2023-06-26 11:19:59',8),(228,'菜单管理',3,'com.ruoyi.web.controller.system.SysMenuController.remove()','DELETE',1,'admin',NULL,'/system/menu/2050','127.0.0.1','内网IP','{}','{\"msg\":\"操作成功\",\"code\":200}',0,NULL,'2023-06-26 11:20:00',7),(229,'菜单管理',3,'com.ruoyi.web.controller.system.SysMenuController.remove()','DELETE',1,'admin',NULL,'/system/menu/2049','127.0.0.1','内网IP','{}','{\"msg\":\"操作成功\",\"code\":200}',0,NULL,'2023-06-26 11:20:02',7),(230,'代码生成',2,'com.ruoyi.generator.controller.GenController.editSave()','PUT',1,'admin',NULL,'/tool/gen','127.0.0.1','内网IP','{\"businessName\":\"attendances\",\"className\":\"SelfAttendances\",\"columns\":[{\"capJavaField\":\"Id\",\"columnComment\":\"ID\",\"columnId\":114,\"columnName\":\"id\",\"columnType\":\"int(11)\",\"createBy\":\"admin\",\"createTime\":\"2023-06-26 10:36:28\",\"dictType\":\"\",\"edit\":false,\"htmlType\":\"input\",\"increment\":true,\"insert\":true,\"isIncrement\":\"1\",\"isInsert\":\"1\",\"isPk\":\"1\",\"javaField\":\"id\",\"javaType\":\"Long\",\"list\":false,\"params\":{},\"pk\":true,\"query\":false,\"queryType\":\"EQ\",\"required\":false,\"sort\":1,\"superColumn\":false,\"tableId\":22,\"updateBy\":\"\",\"updateTime\":\"2023-06-26 11:17:17\",\"usableColumn\":false},{\"capJavaField\":\"EmployeeId\",\"columnComment\":\"员工ID\",\"columnId\":115,\"columnName\":\"employee_id\",\"columnType\":\"varchar(11)\",\"createBy\":\"admin\",\"createTime\":\"2023-06-26 10:36:28\",\"dictType\":\"\",\"edit\":true,\"htmlType\":\"input\",\"increment\":false,\"insert\":true,\"isEdit\":\"1\",\"isIncrement\":\"0\",\"isInsert\":\"1\",\"isList\":\"1\",\"isPk\":\"0\",\"isQuery\":\"1\",\"javaField\":\"employeeId\",\"javaType\":\"String\",\"list\":true,\"params\":{},\"pk\":false,\"query\":true,\"queryType\":\"LIKE\",\"required\":false,\"sort\":2,\"superColumn\":false,\"tableId\":22,\"updateBy\":\"\",\"updateTime\":\"2023-06-26 11:17:17\",\"usableColumn\":false},{\"capJavaField\":\"EmployeeName\",\"columnComment\":\"员工姓名\",\"columnId\":116,\"columnName\":\"employee_name\",\"columnType\":\"varchar(255)\",\"createBy\":\"admin\",\"createTime\":\"2023-06-26 10:36:28\",\"dictType\":\"\",\"edit\":true,\"htmlType\":\"input\",\"increment\":false,\"insert\":true,\"isEdit\":\"1\",\"isIncrement\":\"0\",\"isInsert\":\"1\",\"isList\":\"1\",\"isPk\":\"0\",\"isQuery\":\"1\",\"javaField\":\"employeeName\",\"javaType\":\"String\",\"list\":true,\"params\":{},\"pk\":false,\"query\":true,\"queryType\":\"LIKE\",\"required\":false,\"sort\":3,\"superColumn\":false,\"tableId\":22,\"updateBy\":\"\",\"updateTime\":\"2023-06-26 11:17:17\",\"usableColumn\":false},{\"capJavaField\":\"StateWorking\",\"columnComment\":\"考勤状态\",\"columnId\":117,\"columnName\":\"state_working\",\"columnType\":\"varchar(4)\",\"createBy\":\"admin\",\"createTime\":\"2023-06-26 10:36:28\",\"dictType\":\"\",\"edit\":true,\"htmlType\":\"input\",\"increment\":false,\"insert\":true,\"isEdit','{\"msg\":\"操作成功\",\"code\":200}',0,NULL,'2023-06-26 11:20:51',21),(231,'代码生成',2,'com.ruoyi.generator.controller.GenController.editSave()','PUT',1,'admin',NULL,'/tool/gen','127.0.0.1','内网IP','{\"businessName\":\"complaints\",\"className\":\"SelfComplaints\",\"columns\":[{\"capJavaField\":\"Id\",\"columnComment\":\"ID\",\"columnId\":118,\"columnName\":\"id\",\"columnType\":\"int(11)\",\"createBy\":\"admin\",\"createTime\":\"2023-06-26 10:36:28\",\"dictType\":\"\",\"edit\":false,\"htmlType\":\"input\",\"increment\":true,\"insert\":true,\"isIncrement\":\"1\",\"isInsert\":\"1\",\"isPk\":\"1\",\"javaField\":\"id\",\"javaType\":\"Long\",\"list\":false,\"params\":{},\"pk\":true,\"query\":false,\"queryType\":\"EQ\",\"required\":false,\"sort\":1,\"superColumn\":false,\"tableId\":23,\"updateBy\":\"\",\"updateTime\":\"2023-06-26 11:17:18\",\"usableColumn\":false},{\"capJavaField\":\"ComplaintsId\",\"columnComment\":\"投诉ID\",\"columnId\":119,\"columnName\":\"complaints_id\",\"columnType\":\"int(11)\",\"createBy\":\"admin\",\"createTime\":\"2023-06-26 10:36:28\",\"dictType\":\"\",\"edit\":true,\"htmlType\":\"input\",\"increment\":false,\"insert\":true,\"isEdit\":\"1\",\"isIncrement\":\"0\",\"isInsert\":\"1\",\"isList\":\"1\",\"isPk\":\"0\",\"isQuery\":\"1\",\"isRequired\":\"1\",\"javaField\":\"complaintsId\",\"javaType\":\"Long\",\"list\":true,\"params\":{},\"pk\":false,\"query\":true,\"queryType\":\"EQ\",\"required\":true,\"sort\":2,\"superColumn\":false,\"tableId\":23,\"updateBy\":\"\",\"updateTime\":\"2023-06-26 11:17:18\",\"usableColumn\":false},{\"capJavaField\":\"ComplaintsMessage\",\"columnComment\":\"投诉信息\",\"columnId\":120,\"columnName\":\"complaints_message\",\"columnType\":\"text\",\"createBy\":\"admin\",\"createTime\":\"2023-06-26 10:36:28\",\"dictType\":\"\",\"edit\":true,\"htmlType\":\"textarea\",\"increment\":false,\"insert\":true,\"isEdit\":\"1\",\"isIncrement\":\"0\",\"isInsert\":\"1\",\"isList\":\"1\",\"isPk\":\"0\",\"isQuery\":\"1\",\"isRequired\":\"1\",\"javaField\":\"complaintsMessage\",\"javaType\":\"String\",\"list\":true,\"params\":{},\"pk\":false,\"query\":true,\"queryType\":\"LIKE\",\"required\":true,\"sort\":3,\"superColumn\":false,\"tableId\":23,\"updateBy\":\"\",\"updateTime\":\"2023-06-26 11:17:18\",\"usableColumn\":false},{\"capJavaField\":\"ComplaintsDate\",\"columnComment\":\"投诉日期\",\"columnId\":121,\"columnName\":\"complaints_date\",\"columnType\":\"datetime\",\"createBy\":\"admin\",\"createTime\":\"2023-06-26 10:36:28\",\"dictType\":\"\",\"edit\":true,\"htmlType\":\"dateti','{\"msg\":\"操作成功\",\"code\":200}',0,NULL,'2023-06-26 11:21:32',18),(232,'代码生成',2,'com.ruoyi.generator.controller.GenController.editSave()','PUT',1,'admin',NULL,'/tool/gen','127.0.0.1','内网IP','{\"businessName\":\"emergencies\",\"className\":\"SelfEmergencies\",\"columns\":[{\"capJavaField\":\"Id\",\"columnComment\":\"ID\",\"columnId\":125,\"columnName\":\"id\",\"columnType\":\"int(11)\",\"createBy\":\"admin\",\"createTime\":\"2023-06-26 10:36:28\",\"dictType\":\"\",\"edit\":false,\"htmlType\":\"input\",\"increment\":true,\"insert\":true,\"isIncrement\":\"1\",\"isInsert\":\"1\",\"isPk\":\"1\",\"javaField\":\"id\",\"javaType\":\"Long\",\"list\":false,\"params\":{},\"pk\":true,\"query\":false,\"queryType\":\"EQ\",\"required\":false,\"sort\":1,\"superColumn\":false,\"tableId\":24,\"updateBy\":\"\",\"updateTime\":\"2023-06-26 11:17:19\",\"usableColumn\":false},{\"capJavaField\":\"Location\",\"columnComment\":\"事件地点\",\"columnId\":126,\"columnName\":\"location\",\"columnType\":\"varchar(255)\",\"createBy\":\"admin\",\"createTime\":\"2023-06-26 10:36:28\",\"dictType\":\"\",\"edit\":true,\"htmlType\":\"input\",\"increment\":false,\"insert\":true,\"isEdit\":\"1\",\"isIncrement\":\"0\",\"isInsert\":\"1\",\"isList\":\"1\",\"isPk\":\"0\",\"isQuery\":\"1\",\"javaField\":\"location\",\"javaType\":\"String\",\"list\":true,\"params\":{},\"pk\":false,\"query\":true,\"queryType\":\"LIKE\",\"required\":false,\"sort\":2,\"superColumn\":false,\"tableId\":24,\"updateBy\":\"\",\"updateTime\":\"2023-06-26 11:17:19\",\"usableColumn\":false},{\"capJavaField\":\"EmergenciesMessage\",\"columnComment\":\"事件信息\",\"columnId\":127,\"columnName\":\"emergencies_message\",\"columnType\":\"text\",\"createBy\":\"admin\",\"createTime\":\"2023-06-26 10:36:28\",\"dictType\":\"\",\"edit\":true,\"htmlType\":\"textarea\",\"increment\":false,\"insert\":true,\"isEdit\":\"1\",\"isIncrement\":\"0\",\"isInsert\":\"1\",\"isList\":\"1\",\"isPk\":\"0\",\"isQuery\":\"1\",\"javaField\":\"emergenciesMessage\",\"javaType\":\"String\",\"list\":true,\"params\":{},\"pk\":false,\"query\":true,\"queryType\":\"LIKE\",\"required\":false,\"sort\":3,\"superColumn\":false,\"tableId\":24,\"updateBy\":\"\",\"updateTime\":\"2023-06-26 11:17:19\",\"usableColumn\":false},{\"capJavaField\":\"Department\",\"columnComment\":\"处理部门\",\"columnId\":128,\"columnName\":\"department\",\"columnType\":\"varchar(255)\",\"createBy\":\"admin\",\"createTime\":\"2023-06-26 10:36:28\",\"dictType\":\"\",\"edit\":true,\"htmlType\":\"input\",\"increment\":false,\"insert\":true,\"is','{\"msg\":\"操作成功\",\"code\":200}',0,NULL,'2023-06-26 11:22:28',22),(233,'代码生成',2,'com.ruoyi.generator.controller.GenController.editSave()','PUT',1,'admin',NULL,'/tool/gen','127.0.0.1','内网IP','{\"businessName\":\"orders\",\"className\":\"SelfHotelOrders\",\"columns\":[{\"capJavaField\":\"Id\",\"columnComment\":\"ID\",\"columnId\":132,\"columnName\":\"id\",\"columnType\":\"int(11)\",\"createBy\":\"admin\",\"createTime\":\"2023-06-26 10:36:28\",\"dictType\":\"\",\"edit\":false,\"htmlType\":\"input\",\"increment\":true,\"insert\":true,\"isIncrement\":\"1\",\"isInsert\":\"1\",\"isPk\":\"1\",\"javaField\":\"id\",\"javaType\":\"Long\",\"list\":false,\"params\":{},\"pk\":true,\"query\":false,\"queryType\":\"EQ\",\"required\":false,\"sort\":1,\"superColumn\":false,\"tableId\":25,\"updateBy\":\"\",\"updateTime\":\"2023-06-26 11:17:20\",\"usableColumn\":false},{\"capJavaField\":\"OrderId\",\"columnComment\":\"订单号\",\"columnId\":133,\"columnName\":\"order_id\",\"columnType\":\"int(11)\",\"createBy\":\"admin\",\"createTime\":\"2023-06-26 10:36:28\",\"dictType\":\"\",\"edit\":true,\"htmlType\":\"input\",\"increment\":false,\"insert\":true,\"isEdit\":\"1\",\"isIncrement\":\"0\",\"isInsert\":\"1\",\"isList\":\"1\",\"isPk\":\"0\",\"isQuery\":\"1\",\"javaField\":\"orderId\",\"javaType\":\"Long\",\"list\":true,\"params\":{},\"pk\":false,\"query\":true,\"queryType\":\"LIKE\",\"required\":false,\"sort\":2,\"superColumn\":false,\"tableId\":25,\"updateBy\":\"\",\"updateTime\":\"2023-06-26 11:17:20\",\"usableColumn\":false},{\"capJavaField\":\"CnId\",\"columnComment\":\"身份证号\",\"columnId\":134,\"columnName\":\"cn_id\",\"columnType\":\"varchar(255)\",\"createBy\":\"admin\",\"createTime\":\"2023-06-26 10:36:28\",\"dictType\":\"\",\"edit\":true,\"htmlType\":\"input\",\"increment\":false,\"insert\":true,\"isEdit\":\"1\",\"isIncrement\":\"0\",\"isInsert\":\"1\",\"isList\":\"1\",\"isPk\":\"0\",\"isQuery\":\"1\",\"javaField\":\"cnId\",\"javaType\":\"String\",\"list\":true,\"params\":{},\"pk\":false,\"query\":true,\"queryType\":\"LIKE\",\"required\":false,\"sort\":3,\"superColumn\":false,\"tableId\":25,\"updateBy\":\"\",\"updateTime\":\"2023-06-26 11:17:20\",\"usableColumn\":false}],\"crud\":true,\"functionAuthor\":\"ruoyi\",\"functionName\":\"酒店订单\",\"genPath\":\"/\",\"genType\":\"0\",\"moduleName\":\"system\",\"options\":\"{\\\"parentMenuId\\\":\\\"2000\\\"}\",\"packageName\":\"com.ruoyi.system\",\"params\":{\"parentMenuId\":\"2000\"},\"parentMenuId\":\"2000\",\"sub\":false,\"tableComment\":\"酒店订单表\",\"tableId\":25,\"tableName\":\"self_hot','{\"msg\":\"操作成功\",\"code\":200}',0,NULL,'2023-06-26 11:22:41',10),(234,'代码生成',2,'com.ruoyi.generator.controller.GenController.editSave()','PUT',1,'admin',NULL,'/tool/gen','127.0.0.1','内网IP','{\"businessName\":\"hotel_prices\",\"className\":\"SelfHotelPrices\",\"columns\":[{\"capJavaField\":\"Id\",\"columnComment\":\"ID\",\"columnId\":135,\"columnName\":\"id\",\"columnType\":\"int(11)\",\"createBy\":\"admin\",\"createTime\":\"2023-06-26 10:36:28\",\"dictType\":\"\",\"edit\":false,\"htmlType\":\"input\",\"increment\":true,\"insert\":true,\"isIncrement\":\"1\",\"isInsert\":\"1\",\"isPk\":\"1\",\"javaField\":\"id\",\"javaType\":\"Long\",\"list\":false,\"params\":{},\"pk\":true,\"query\":false,\"queryType\":\"EQ\",\"required\":false,\"sort\":1,\"superColumn\":false,\"tableId\":26,\"updateBy\":\"\",\"updateTime\":\"2023-06-26 11:17:22\",\"usableColumn\":false},{\"capJavaField\":\"TypeRoom\",\"columnComment\":\"房间类型\",\"columnId\":168,\"columnName\":\"type_room\",\"columnType\":\"varchar(255)\",\"createBy\":\"\",\"createTime\":\"2023-06-26 11:17:22\",\"dictType\":\"\",\"edit\":true,\"htmlType\":\"input\",\"increment\":false,\"insert\":true,\"isEdit\":\"1\",\"isIncrement\":\"0\",\"isInsert\":\"1\",\"isList\":\"1\",\"isPk\":\"0\",\"isQuery\":\"1\",\"javaField\":\"typeRoom\",\"javaType\":\"String\",\"list\":true,\"params\":{},\"pk\":false,\"query\":true,\"queryType\":\"LIKE\",\"required\":false,\"sort\":2,\"superColumn\":false,\"tableId\":26,\"updateBy\":\"\",\"usableColumn\":false},{\"capJavaField\":\"PriceRoom\",\"columnComment\":\"房间价格\",\"columnId\":169,\"columnName\":\"price_room\",\"columnType\":\"varchar(255)\",\"createBy\":\"\",\"createTime\":\"2023-06-26 11:17:22\",\"dictType\":\"\",\"edit\":true,\"htmlType\":\"input\",\"increment\":false,\"insert\":true,\"isEdit\":\"1\",\"isIncrement\":\"0\",\"isInsert\":\"1\",\"isList\":\"1\",\"isPk\":\"0\",\"isQuery\":\"1\",\"javaField\":\"priceRoom\",\"javaType\":\"String\",\"list\":true,\"params\":{},\"pk\":false,\"query\":true,\"queryType\":\"LIKE\",\"required\":false,\"sort\":3,\"superColumn\":false,\"tableId\":26,\"updateBy\":\"\",\"usableColumn\":false},{\"capJavaField\":\"TotalRooms\",\"columnComment\":\"房间总数\",\"columnId\":138,\"columnName\":\"total_rooms\",\"columnType\":\"int(11)\",\"createBy\":\"admin\",\"createTime\":\"2023-06-26 10:36:28\",\"dictType\":\"\",\"edit\":true,\"htmlType\":\"input\",\"increment\":false,\"insert\":true,\"isEdit\":\"1\",\"isIncrement\":\"0\",\"isInsert\":\"1\",\"isList\":\"1\",\"isPk\":\"0\",\"isQuery\":\"1\",\"javaField\":\"totalRooms','{\"msg\":\"操作成功\",\"code\":200}',0,NULL,'2023-06-26 11:24:00',13),(235,'代码生成',2,'com.ruoyi.generator.controller.GenController.editSave()','PUT',1,'admin',NULL,'/tool/gen','127.0.0.1','内网IP','{\"businessName\":\"rooms\",\"className\":\"SelfHotelRooms\",\"columns\":[{\"capJavaField\":\"Id\",\"columnComment\":\"ID\",\"columnId\":140,\"columnName\":\"id\",\"columnType\":\"int(11)\",\"createBy\":\"admin\",\"createTime\":\"2023-06-26 10:36:28\",\"dictType\":\"\",\"edit\":false,\"htmlType\":\"input\",\"increment\":true,\"insert\":true,\"isIncrement\":\"1\",\"isInsert\":\"1\",\"isPk\":\"1\",\"javaField\":\"id\",\"javaType\":\"Long\",\"list\":false,\"params\":{},\"pk\":true,\"query\":false,\"queryType\":\"EQ\",\"required\":false,\"sort\":1,\"superColumn\":false,\"tableId\":27,\"updateBy\":\"\",\"updateTime\":\"2023-06-26 11:17:23\",\"usableColumn\":false},{\"capJavaField\":\"RoomId\",\"columnComment\":\"房间号\",\"columnId\":141,\"columnName\":\"room_id\",\"columnType\":\"int(11)\",\"createBy\":\"admin\",\"createTime\":\"2023-06-26 10:36:28\",\"dictType\":\"\",\"edit\":true,\"htmlType\":\"input\",\"increment\":false,\"insert\":true,\"isEdit\":\"1\",\"isIncrement\":\"0\",\"isInsert\":\"1\",\"isList\":\"1\",\"isPk\":\"0\",\"isQuery\":\"1\",\"javaField\":\"roomId\",\"javaType\":\"Long\",\"list\":true,\"params\":{},\"pk\":false,\"query\":true,\"queryType\":\"LIKE\",\"required\":false,\"sort\":2,\"superColumn\":false,\"tableId\":27,\"updateBy\":\"\",\"updateTime\":\"2023-06-26 11:17:23\",\"usableColumn\":false},{\"capJavaField\":\"TypeRoom\",\"columnComment\":\"房间类型\",\"columnId\":170,\"columnName\":\"type_room\",\"columnType\":\"varchar(255)\",\"createBy\":\"\",\"createTime\":\"2023-06-26 11:17:23\",\"dictType\":\"\",\"edit\":true,\"htmlType\":\"input\",\"increment\":false,\"insert\":true,\"isEdit\":\"1\",\"isIncrement\":\"0\",\"isInsert\":\"1\",\"isList\":\"1\",\"isPk\":\"0\",\"isQuery\":\"1\",\"javaField\":\"typeRoom\",\"javaType\":\"String\",\"list\":true,\"params\":{},\"pk\":false,\"query\":true,\"queryType\":\"EQ\",\"required\":false,\"sort\":3,\"superColumn\":false,\"tableId\":27,\"updateBy\":\"\",\"usableColumn\":false},{\"capJavaField\":\"OrderId\",\"columnComment\":\"订单号\",\"columnId\":143,\"columnName\":\"order_id\",\"columnType\":\"int(11)\",\"createBy\":\"admin\",\"createTime\":\"2023-06-26 10:36:28\",\"dictType\":\"\",\"edit\":true,\"htmlType\":\"input\",\"increment\":false,\"insert\":true,\"isEdit\":\"1\",\"isIncrement\":\"0\",\"isInsert\":\"1\",\"isList\":\"1\",\"isPk\":\"0\",\"isQuery\":\"1\",\"javaField\":\"orde','{\"msg\":\"操作成功\",\"code\":200}',0,NULL,'2023-06-26 11:24:35',14),(236,'代码生成',2,'com.ruoyi.generator.controller.GenController.editSave()','PUT',1,'admin',NULL,'/tool/gen','127.0.0.1','内网IP','{\"businessName\":\"cars\",\"className\":\"SelfParkingCars\",\"columns\":[{\"capJavaField\":\"Id\",\"columnComment\":\"ID\",\"columnId\":145,\"columnName\":\"id\",\"columnType\":\"int(11)\",\"createBy\":\"admin\",\"createTime\":\"2023-06-26 10:36:28\",\"dictType\":\"\",\"edit\":false,\"htmlType\":\"input\",\"increment\":true,\"insert\":true,\"isIncrement\":\"1\",\"isInsert\":\"1\",\"isPk\":\"1\",\"javaField\":\"id\",\"javaType\":\"Long\",\"list\":false,\"params\":{},\"pk\":true,\"query\":false,\"queryType\":\"EQ\",\"required\":false,\"sort\":1,\"superColumn\":false,\"tableId\":28,\"updateBy\":\"\",\"updateTime\":\"2023-06-26 11:17:24\",\"usableColumn\":false},{\"capJavaField\":\"CarId\",\"columnComment\":\"车牌号\",\"columnId\":146,\"columnName\":\"car_id\",\"columnType\":\"varchar(255)\",\"createBy\":\"admin\",\"createTime\":\"2023-06-26 10:36:28\",\"dictType\":\"\",\"edit\":true,\"htmlType\":\"input\",\"increment\":false,\"insert\":true,\"isEdit\":\"1\",\"isIncrement\":\"0\",\"isInsert\":\"1\",\"isList\":\"1\",\"isPk\":\"0\",\"isQuery\":\"1\",\"javaField\":\"carId\",\"javaType\":\"String\",\"list\":true,\"params\":{},\"pk\":false,\"query\":true,\"queryType\":\"LIKE\",\"required\":false,\"sort\":2,\"superColumn\":false,\"tableId\":28,\"updateBy\":\"\",\"updateTime\":\"2023-06-26 11:17:24\",\"usableColumn\":false},{\"capJavaField\":\"InTime\",\"columnComment\":\"入场时间\",\"columnId\":147,\"columnName\":\"in_time\",\"columnType\":\"datetime\",\"createBy\":\"admin\",\"createTime\":\"2023-06-26 10:36:28\",\"dictType\":\"\",\"edit\":true,\"htmlType\":\"datetime\",\"increment\":false,\"insert\":true,\"isEdit\":\"1\",\"isIncrement\":\"0\",\"isInsert\":\"1\",\"isList\":\"1\",\"isPk\":\"0\",\"isQuery\":\"1\",\"javaField\":\"inTime\",\"javaType\":\"Date\",\"list\":true,\"params\":{},\"pk\":false,\"query\":true,\"queryType\":\"BETWEEN\",\"required\":false,\"sort\":3,\"superColumn\":false,\"tableId\":28,\"updateBy\":\"\",\"updateTime\":\"2023-06-26 11:17:24\",\"usableColumn\":false},{\"capJavaField\":\"OutTime\",\"columnComment\":\"出场时间\",\"columnId\":148,\"columnName\":\"out_time\",\"columnType\":\"datetime\",\"createBy\":\"admin\",\"createTime\":\"2023-06-26 10:36:28\",\"dictType\":\"\",\"edit\":true,\"htmlType\":\"datetime\",\"increment\":false,\"insert\":true,\"isEdit\":\"1\",\"isIncrement\":\"0\",\"isInsert\":\"1\",\"isList\":\"','{\"msg\":\"操作成功\",\"code\":200}',0,NULL,'2023-06-26 11:25:11',15),(237,'代码生成',2,'com.ruoyi.generator.controller.GenController.editSave()','PUT',1,'admin',NULL,'/tool/gen','127.0.0.1','内网IP','{\"businessName\":\"visit_prices\",\"className\":\"SelfVisitPrices\",\"columns\":[{\"capJavaField\":\"Id\",\"columnComment\":\"ID\",\"columnId\":151,\"columnName\":\"id\",\"columnType\":\"int(11)\",\"createBy\":\"admin\",\"createTime\":\"2023-06-26 10:36:28\",\"dictType\":\"\",\"edit\":false,\"htmlType\":\"input\",\"increment\":true,\"insert\":true,\"isIncrement\":\"1\",\"isInsert\":\"1\",\"isPk\":\"1\",\"javaField\":\"id\",\"javaType\":\"Long\",\"list\":false,\"params\":{},\"pk\":true,\"query\":false,\"queryType\":\"EQ\",\"required\":false,\"sort\":1,\"superColumn\":false,\"tableId\":29,\"updateBy\":\"\",\"updateTime\":\"2023-06-26 11:17:25\",\"usableColumn\":false},{\"capJavaField\":\"TypeVisit\",\"columnComment\":\"门票类型\",\"columnId\":172,\"columnName\":\"type_visit\",\"columnType\":\"varchar(255)\",\"createBy\":\"\",\"createTime\":\"2023-06-26 11:17:25\",\"dictType\":\"\",\"edit\":true,\"htmlType\":\"input\",\"increment\":false,\"insert\":true,\"isEdit\":\"1\",\"isIncrement\":\"0\",\"isInsert\":\"1\",\"isList\":\"1\",\"isPk\":\"0\",\"isQuery\":\"1\",\"javaField\":\"typeVisit\",\"javaType\":\"String\",\"list\":true,\"params\":{},\"pk\":false,\"query\":true,\"queryType\":\"EQ\",\"required\":false,\"sort\":2,\"superColumn\":false,\"tableId\":29,\"updateBy\":\"\",\"usableColumn\":false},{\"capJavaField\":\"PriceVisit\",\"columnComment\":\"门票价格\",\"columnId\":173,\"columnName\":\"price_visit\",\"columnType\":\"varchar(255)\",\"createBy\":\"\",\"createTime\":\"2023-06-26 11:17:25\",\"dictType\":\"\",\"edit\":true,\"htmlType\":\"input\",\"increment\":false,\"insert\":true,\"isEdit\":\"1\",\"isIncrement\":\"0\",\"isInsert\":\"1\",\"isList\":\"1\",\"isPk\":\"0\",\"isQuery\":\"1\",\"javaField\":\"priceVisit\",\"javaType\":\"String\",\"list\":true,\"params\":{},\"pk\":false,\"query\":true,\"queryType\":\"EQ\",\"required\":false,\"sort\":3,\"superColumn\":false,\"tableId\":29,\"updateBy\":\"\",\"usableColumn\":false}],\"crud\":true,\"functionAuthor\":\"ruoyi\",\"functionName\":\"票价\",\"genPath\":\"/\",\"genType\":\"0\",\"moduleName\":\"system\",\"options\":\"{\\\"parentMenuId\\\":\\\"2000\\\"}\",\"packageName\":\"com.ruoyi.system\",\"params\":{\"parentMenuId\":\"2000\"},\"parentMenuId\":\"2000\",\"sub\":false,\"tableComment\":\"票价表\",\"tableId\":29,\"tableName\":\"self_visit_prices\",\"tplCategory\":\"crud\",\"tree\":false}','{\"msg\":\"操作成功\",\"code\":200}',0,NULL,'2023-06-26 11:25:51',9),(238,'代码生成',2,'com.ruoyi.generator.controller.GenController.editSave()','PUT',1,'admin',NULL,'/tool/gen','127.0.0.1','内网IP','{\"businessName\":\"victors\",\"className\":\"SelfVisitVictors\",\"columns\":[{\"capJavaField\":\"Id\",\"columnComment\":\"ID\",\"columnId\":154,\"columnName\":\"id\",\"columnType\":\"int(11)\",\"createBy\":\"admin\",\"createTime\":\"2023-06-26 10:36:28\",\"dictType\":\"\",\"edit\":false,\"htmlType\":\"input\",\"increment\":true,\"insert\":true,\"isIncrement\":\"1\",\"isInsert\":\"1\",\"isPk\":\"1\",\"javaField\":\"id\",\"javaType\":\"Long\",\"list\":false,\"params\":{},\"pk\":true,\"query\":false,\"queryType\":\"EQ\",\"required\":false,\"sort\":1,\"superColumn\":false,\"tableId\":30,\"updateBy\":\"\",\"updateTime\":\"2023-06-26 11:17:27\",\"usableColumn\":false},{\"capJavaField\":\"VisitId\",\"columnComment\":\"门票ID\",\"columnId\":155,\"columnName\":\"visit_id\",\"columnType\":\"int(11)\",\"createBy\":\"admin\",\"createTime\":\"2023-06-26 10:36:28\",\"dictType\":\"\",\"edit\":true,\"htmlType\":\"input\",\"increment\":false,\"insert\":true,\"isEdit\":\"1\",\"isIncrement\":\"0\",\"isInsert\":\"1\",\"isList\":\"1\",\"isPk\":\"0\",\"isQuery\":\"1\",\"javaField\":\"visitId\",\"javaType\":\"Long\",\"list\":true,\"params\":{},\"pk\":false,\"query\":true,\"queryType\":\"LIKE\",\"required\":false,\"sort\":2,\"superColumn\":false,\"tableId\":30,\"updateBy\":\"\",\"updateTime\":\"2023-06-26 11:17:27\",\"usableColumn\":false},{\"capJavaField\":\"CnId\",\"columnComment\":\"身份证号\",\"columnId\":156,\"columnName\":\"cn_id\",\"columnType\":\"varchar(255)\",\"createBy\":\"admin\",\"createTime\":\"2023-06-26 10:36:28\",\"dictType\":\"\",\"edit\":true,\"htmlType\":\"input\",\"increment\":false,\"insert\":true,\"isEdit\":\"1\",\"isIncrement\":\"0\",\"isInsert\":\"1\",\"isList\":\"1\",\"isPk\":\"0\",\"isQuery\":\"1\",\"javaField\":\"cnId\",\"javaType\":\"String\",\"list\":true,\"params\":{},\"pk\":false,\"query\":true,\"queryType\":\"LIKE\",\"required\":false,\"sort\":3,\"superColumn\":false,\"tableId\":30,\"updateBy\":\"\",\"updateTime\":\"2023-06-26 11:17:27\",\"usableColumn\":false},{\"capJavaField\":\"ScheduledDate\",\"columnComment\":\"\",\"columnId\":157,\"columnName\":\"scheduled_date\",\"columnType\":\"datetime\",\"createBy\":\"admin\",\"createTime\":\"2023-06-26 10:36:28\",\"dictType\":\"\",\"edit\":true,\"htmlType\":\"datetime\",\"increment\":false,\"insert\":true,\"isEdit\":\"1\",\"isIncrement\":\"0\",\"isInsert\":\"1\",\"isL','{\"msg\":\"操作成功\",\"code\":200}',0,NULL,'2023-06-26 11:27:49',19),(239,'代码生成',2,'com.ruoyi.generator.controller.GenController.synchDb()','GET',1,'admin',NULL,'/tool/gen/synchDb/self_parking_cars','127.0.0.1','内网IP','{}','{\"msg\":\"操作成功\",\"code\":200}',0,NULL,'2023-06-26 11:34:59',21),(240,'代码生成',2,'com.ruoyi.generator.controller.GenController.synchDb()','GET',1,'admin',NULL,'/tool/gen/synchDb/self_visit_prices','127.0.0.1','内网IP','{}',NULL,1,'同步数据失败，原表结构不存在','2023-06-26 11:35:00',7),(241,'代码生成',2,'com.ruoyi.generator.controller.GenController.synchDb()','GET',1,'admin',NULL,'/tool/gen/synchDb/self_visit_victors','127.0.0.1','内网IP','{}',NULL,1,'同步数据失败，原表结构不存在','2023-06-26 11:35:03',6),(242,'代码生成',2,'com.ruoyi.generator.controller.GenController.synchDb()','GET',1,'admin',NULL,'/tool/gen/synchDb/self_visitors','127.0.0.1','内网IP','{}','{\"msg\":\"操作成功\",\"code\":200}',0,NULL,'2023-06-26 11:35:05',22),(243,'代码生成',2,'com.ruoyi.generator.controller.GenController.synchDb()','GET',1,'admin',NULL,'/tool/gen/synchDb/self_parking_cars','127.0.0.1','内网IP','{}','{\"msg\":\"操作成功\",\"code\":200}',0,NULL,'2023-06-26 11:35:10',19),(244,'代码生成',2,'com.ruoyi.generator.controller.GenController.synchDb()','GET',1,'admin',NULL,'/tool/gen/synchDb/self_visit_prices','127.0.0.1','内网IP','{}',NULL,1,'同步数据失败，原表结构不存在','2023-06-26 11:35:14',7),(245,'代码生成',3,'com.ruoyi.generator.controller.GenController.remove()','DELETE',1,'admin',NULL,'/tool/gen/29','127.0.0.1','内网IP','{}','{\"msg\":\"操作成功\",\"code\":200}',0,NULL,'2023-06-26 11:35:16',7),(246,'代码生成',3,'com.ruoyi.generator.controller.GenController.remove()','DELETE',1,'admin',NULL,'/tool/gen/30','127.0.0.1','内网IP','{}','{\"msg\":\"操作成功\",\"code\":200}',0,NULL,'2023-06-26 11:35:19',6),(247,'代码生成',6,'com.ruoyi.generator.controller.GenController.importTableSave()','POST',1,'admin',NULL,'/tool/gen/importTable','127.0.0.1','内网IP','{\"tables\":\"self_ticket_services,self_ticket_prices\"}','{\"msg\":\"操作成功\",\"code\":200}',0,NULL,'2023-06-26 11:35:48',40),(248,'代码生成',2,'com.ruoyi.generator.controller.GenController.synchDb()','GET',1,'admin',NULL,'/tool/gen/synchDb/self_visitors','127.0.0.1','内网IP','{}','{\"msg\":\"操作成功\",\"code\":200}',0,NULL,'2023-06-26 11:36:23',24),(249,'代码生成',2,'com.ruoyi.generator.controller.GenController.editSave()','PUT',1,'admin',NULL,'/tool/gen','127.0.0.1','内网IP','{\"businessName\":\"hotel_prices\",\"className\":\"SelfHotelPrices\",\"columns\":[{\"capJavaField\":\"Id\",\"columnComment\":\"ID\",\"columnId\":135,\"columnName\":\"id\",\"columnType\":\"int(11)\",\"createBy\":\"admin\",\"createTime\":\"2023-06-26 10:36:28\",\"dictType\":\"\",\"edit\":false,\"htmlType\":\"input\",\"increment\":true,\"insert\":true,\"isIncrement\":\"1\",\"isInsert\":\"1\",\"isPk\":\"1\",\"javaField\":\"id\",\"javaType\":\"Long\",\"list\":false,\"params\":{},\"pk\":true,\"query\":false,\"queryType\":\"EQ\",\"required\":false,\"sort\":1,\"superColumn\":false,\"tableId\":26,\"updateBy\":\"\",\"updateTime\":\"2023-06-26 11:24:00\",\"usableColumn\":false},{\"capJavaField\":\"TypeRoom\",\"columnComment\":\"房间类型\",\"columnId\":168,\"columnName\":\"type_room\",\"columnType\":\"varchar(255)\",\"createBy\":\"\",\"createTime\":\"2023-06-26 11:17:22\",\"dictType\":\"\",\"edit\":true,\"htmlType\":\"input\",\"increment\":false,\"insert\":true,\"isEdit\":\"1\",\"isIncrement\":\"0\",\"isInsert\":\"1\",\"isList\":\"1\",\"isPk\":\"0\",\"isQuery\":\"1\",\"javaField\":\"typeRoom\",\"javaType\":\"String\",\"list\":true,\"params\":{},\"pk\":false,\"query\":true,\"queryType\":\"LIKE\",\"required\":false,\"sort\":2,\"superColumn\":false,\"tableId\":26,\"updateBy\":\"\",\"updateTime\":\"2023-06-26 11:24:00\",\"usableColumn\":false},{\"capJavaField\":\"PriceRoom\",\"columnComment\":\"房间价格\",\"columnId\":169,\"columnName\":\"price_room\",\"columnType\":\"varchar(255)\",\"createBy\":\"\",\"createTime\":\"2023-06-26 11:17:22\",\"dictType\":\"\",\"edit\":true,\"htmlType\":\"input\",\"increment\":false,\"insert\":true,\"isEdit\":\"1\",\"isIncrement\":\"0\",\"isInsert\":\"1\",\"isList\":\"1\",\"isPk\":\"0\",\"isQuery\":\"1\",\"javaField\":\"priceRoom\",\"javaType\":\"String\",\"list\":true,\"params\":{},\"pk\":false,\"query\":true,\"queryType\":\"LIKE\",\"required\":false,\"sort\":3,\"superColumn\":false,\"tableId\":26,\"updateBy\":\"\",\"updateTime\":\"2023-06-26 11:24:00\",\"usableColumn\":false},{\"capJavaField\":\"TotalRooms\",\"columnComment\":\"房间总数\",\"columnId\":138,\"columnName\":\"total_rooms\",\"columnType\":\"int(11)\",\"createBy\":\"admin\",\"createTime\":\"2023-06-26 10:36:28\",\"dictType\":\"\",\"edit\":true,\"htmlType\":\"input\",\"increment\":false,\"insert\":true,\"isEdit\":\"1\",\"isIncrement\":\"0\",\"isIns','{\"msg\":\"操作成功\",\"code\":200}',0,NULL,'2023-06-26 11:38:44',14),(250,'代码生成',2,'com.ruoyi.generator.controller.GenController.editSave()','PUT',1,'admin',NULL,'/tool/gen','127.0.0.1','内网IP','{\"businessName\":\"cars\",\"className\":\"SelfParkingCars\",\"columns\":[{\"capJavaField\":\"Id\",\"columnComment\":\"ID\",\"columnId\":145,\"columnName\":\"id\",\"columnType\":\"int(11)\",\"createBy\":\"admin\",\"createTime\":\"2023-06-26 10:36:28\",\"dictType\":\"\",\"edit\":false,\"htmlType\":\"input\",\"increment\":true,\"insert\":true,\"isIncrement\":\"1\",\"isInsert\":\"1\",\"isPk\":\"1\",\"javaField\":\"id\",\"javaType\":\"Long\",\"list\":false,\"params\":{},\"pk\":true,\"query\":false,\"queryType\":\"EQ\",\"required\":false,\"sort\":1,\"superColumn\":false,\"tableId\":28,\"updateBy\":\"\",\"updateTime\":\"2023-06-26 11:35:10\",\"usableColumn\":false},{\"capJavaField\":\"CarId\",\"columnComment\":\"车牌号\",\"columnId\":146,\"columnName\":\"car_id\",\"columnType\":\"varchar(255)\",\"createBy\":\"admin\",\"createTime\":\"2023-06-26 10:36:28\",\"dictType\":\"\",\"edit\":true,\"htmlType\":\"input\",\"increment\":false,\"insert\":true,\"isEdit\":\"1\",\"isIncrement\":\"0\",\"isInsert\":\"1\",\"isList\":\"1\",\"isPk\":\"0\",\"isQuery\":\"1\",\"javaField\":\"carId\",\"javaType\":\"String\",\"list\":true,\"params\":{},\"pk\":false,\"query\":true,\"queryType\":\"LIKE\",\"required\":false,\"sort\":2,\"superColumn\":false,\"tableId\":28,\"updateBy\":\"\",\"updateTime\":\"2023-06-26 11:35:10\",\"usableColumn\":false},{\"capJavaField\":\"CarInTime\",\"columnComment\":\"入场时间\",\"columnId\":177,\"columnName\":\"car_in_time\",\"columnType\":\"datetime\",\"createBy\":\"\",\"createTime\":\"2023-06-26 11:34:59\",\"dictType\":\"\",\"edit\":true,\"htmlType\":\"datetime\",\"increment\":false,\"insert\":true,\"isEdit\":\"1\",\"isIncrement\":\"0\",\"isInsert\":\"1\",\"isList\":\"1\",\"isPk\":\"0\",\"isQuery\":\"1\",\"javaField\":\"carInTime\",\"javaType\":\"Date\",\"list\":true,\"params\":{},\"pk\":false,\"query\":true,\"queryType\":\"EQ\",\"required\":false,\"sort\":3,\"superColumn\":false,\"tableId\":28,\"updateBy\":\"\",\"updateTime\":\"2023-06-26 11:35:10\",\"usableColumn\":false},{\"capJavaField\":\"CarOutTime\",\"columnComment\":\"出场时间\",\"columnId\":178,\"columnName\":\"car_out_time\",\"columnType\":\"datetime\",\"createBy\":\"\",\"createTime\":\"2023-06-26 11:34:59\",\"dictType\":\"\",\"edit\":true,\"htmlType\":\"datetime\",\"increment\":false,\"insert\":true,\"isEdit\":\"1\",\"isIncrement\":\"0\",\"isInsert\":\"1\",\"isList\"','{\"msg\":\"操作成功\",\"code\":200}',0,NULL,'2023-06-26 11:39:12',15),(251,'代码生成',2,'com.ruoyi.generator.controller.GenController.editSave()','PUT',1,'admin',NULL,'/tool/gen','127.0.0.1','内网IP','{\"businessName\":\"visitors\",\"className\":\"SelfVisitors\",\"columns\":[{\"capJavaField\":\"Id\",\"columnComment\":\"ID\",\"columnId\":162,\"columnName\":\"id\",\"columnType\":\"int(11)\",\"createBy\":\"admin\",\"createTime\":\"2023-06-26 10:36:28\",\"dictType\":\"\",\"edit\":false,\"htmlType\":\"input\",\"increment\":true,\"insert\":true,\"isIncrement\":\"1\",\"isInsert\":\"1\",\"isPk\":\"1\",\"javaField\":\"id\",\"javaType\":\"Long\",\"list\":false,\"params\":{},\"pk\":true,\"query\":false,\"queryType\":\"EQ\",\"required\":false,\"sort\":1,\"superColumn\":false,\"tableId\":31,\"updateBy\":\"\",\"updateTime\":\"2023-06-26 11:36:23\",\"usableColumn\":false},{\"capJavaField\":\"CnId\",\"columnComment\":\"身份证号\",\"columnId\":163,\"columnName\":\"cn_id\",\"columnType\":\"varchar(255)\",\"createBy\":\"admin\",\"createTime\":\"2023-06-26 10:36:28\",\"dictType\":\"\",\"edit\":true,\"htmlType\":\"input\",\"increment\":false,\"insert\":true,\"isEdit\":\"1\",\"isIncrement\":\"0\",\"isInsert\":\"1\",\"isList\":\"1\",\"isPk\":\"0\",\"isQuery\":\"1\",\"isRequired\":\"1\",\"javaField\":\"cnId\",\"javaType\":\"String\",\"list\":true,\"params\":{},\"pk\":false,\"query\":true,\"queryType\":\"LIKE\",\"required\":true,\"sort\":2,\"superColumn\":false,\"tableId\":31,\"updateBy\":\"\",\"updateTime\":\"2023-06-26 11:36:23\",\"usableColumn\":false},{\"capJavaField\":\"VisitorsName\",\"columnComment\":\"游客姓名\",\"columnId\":164,\"columnName\":\"visitors_name\",\"columnType\":\"varchar(255)\",\"createBy\":\"admin\",\"createTime\":\"2023-06-26 10:36:28\",\"dictType\":\"\",\"edit\":true,\"htmlType\":\"input\",\"increment\":false,\"insert\":true,\"isEdit\":\"1\",\"isIncrement\":\"0\",\"isInsert\":\"1\",\"isList\":\"1\",\"isPk\":\"0\",\"isQuery\":\"1\",\"isRequired\":\"1\",\"javaField\":\"visitorsName\",\"javaType\":\"String\",\"list\":true,\"params\":{},\"pk\":false,\"query\":true,\"queryType\":\"LIKE\",\"required\":true,\"sort\":3,\"superColumn\":false,\"tableId\":31,\"updateBy\":\"\",\"updateTime\":\"2023-06-26 11:36:23\",\"usableColumn\":false},{\"capJavaField\":\"PhoneNumber\",\"columnComment\":\"手机号\",\"columnId\":165,\"columnName\":\"phone_number\",\"columnType\":\"varchar(255)\",\"createBy\":\"admin\",\"createTime\":\"2023-06-26 10:36:28\",\"dictType\":\"\",\"edit\":true,\"htmlType\":\"input\",\"increment\":false,\"insert\":true','{\"msg\":\"操作成功\",\"code\":200}',0,NULL,'2023-06-26 11:39:54',14),(252,'代码生成',2,'com.ruoyi.generator.controller.GenController.editSave()','PUT',1,'admin',NULL,'/tool/gen','127.0.0.1','内网IP','{\"businessName\":\"cars\",\"className\":\"SelfParkingCars\",\"columns\":[{\"capJavaField\":\"Id\",\"columnComment\":\"ID\",\"columnId\":145,\"columnName\":\"id\",\"columnType\":\"int(11)\",\"createBy\":\"admin\",\"createTime\":\"2023-06-26 10:36:28\",\"dictType\":\"\",\"edit\":false,\"htmlType\":\"input\",\"increment\":true,\"insert\":true,\"isIncrement\":\"1\",\"isInsert\":\"1\",\"isPk\":\"1\",\"javaField\":\"id\",\"javaType\":\"Long\",\"list\":false,\"params\":{},\"pk\":true,\"query\":false,\"queryType\":\"EQ\",\"required\":false,\"sort\":1,\"superColumn\":false,\"tableId\":28,\"updateBy\":\"\",\"updateTime\":\"2023-06-26 11:39:12\",\"usableColumn\":false},{\"capJavaField\":\"CarId\",\"columnComment\":\"车牌号\",\"columnId\":146,\"columnName\":\"car_id\",\"columnType\":\"varchar(255)\",\"createBy\":\"admin\",\"createTime\":\"2023-06-26 10:36:28\",\"dictType\":\"\",\"edit\":true,\"htmlType\":\"input\",\"increment\":false,\"insert\":true,\"isEdit\":\"1\",\"isIncrement\":\"0\",\"isInsert\":\"1\",\"isList\":\"1\",\"isPk\":\"0\",\"isQuery\":\"1\",\"javaField\":\"carId\",\"javaType\":\"String\",\"list\":true,\"params\":{},\"pk\":false,\"query\":true,\"queryType\":\"LIKE\",\"required\":false,\"sort\":2,\"superColumn\":false,\"tableId\":28,\"updateBy\":\"\",\"updateTime\":\"2023-06-26 11:39:12\",\"usableColumn\":false},{\"capJavaField\":\"CarInTime\",\"columnComment\":\"入场时间\",\"columnId\":177,\"columnName\":\"car_in_time\",\"columnType\":\"datetime\",\"createBy\":\"\",\"createTime\":\"2023-06-26 11:34:59\",\"dictType\":\"\",\"edit\":true,\"htmlType\":\"datetime\",\"increment\":false,\"insert\":true,\"isEdit\":\"1\",\"isIncrement\":\"0\",\"isInsert\":\"1\",\"isList\":\"1\",\"isPk\":\"0\",\"isQuery\":\"1\",\"javaField\":\"carInTime\",\"javaType\":\"Date\",\"list\":true,\"params\":{},\"pk\":false,\"query\":true,\"queryType\":\"BETWEEN\",\"required\":false,\"sort\":3,\"superColumn\":false,\"tableId\":28,\"updateBy\":\"\",\"updateTime\":\"2023-06-26 11:39:12\",\"usableColumn\":false},{\"capJavaField\":\"CarOutTime\",\"columnComment\":\"出场时间\",\"columnId\":178,\"columnName\":\"car_out_time\",\"columnType\":\"datetime\",\"createBy\":\"\",\"createTime\":\"2023-06-26 11:34:59\",\"dictType\":\"\",\"edit\":true,\"htmlType\":\"datetime\",\"increment\":false,\"insert\":true,\"isEdit\":\"1\",\"isIncrement\":\"0\",\"isInsert\":\"1\",\"is','{\"msg\":\"操作成功\",\"code\":200}',0,NULL,'2023-06-26 11:40:07',27),(253,'代码生成',2,'com.ruoyi.generator.controller.GenController.editSave()','PUT',1,'admin',NULL,'/tool/gen','127.0.0.1','内网IP','{\"businessName\":\"ticket_prices\",\"className\":\"SelfTicketPrices\",\"columns\":[{\"capJavaField\":\"Id\",\"columnComment\":\"ID\",\"columnId\":180,\"columnName\":\"id\",\"columnType\":\"int(11)\",\"createBy\":\"admin\",\"createTime\":\"2023-06-26 11:35:48\",\"dictType\":\"\",\"edit\":false,\"htmlType\":\"input\",\"increment\":true,\"insert\":true,\"isIncrement\":\"1\",\"isInsert\":\"1\",\"isPk\":\"1\",\"javaField\":\"id\",\"javaType\":\"Long\",\"list\":false,\"params\":{},\"pk\":true,\"query\":false,\"queryType\":\"EQ\",\"required\":false,\"sort\":1,\"superColumn\":false,\"tableId\":32,\"updateBy\":\"\",\"usableColumn\":false},{\"capJavaField\":\"TypeTicket\",\"columnComment\":\"门票类型\",\"columnId\":181,\"columnName\":\"type_ticket\",\"columnType\":\"varchar(255)\",\"createBy\":\"admin\",\"createTime\":\"2023-06-26 11:35:48\",\"dictType\":\"\",\"edit\":true,\"htmlType\":\"input\",\"increment\":false,\"insert\":true,\"isEdit\":\"1\",\"isIncrement\":\"0\",\"isInsert\":\"1\",\"isList\":\"1\",\"isPk\":\"0\",\"isQuery\":\"1\",\"javaField\":\"typeTicket\",\"javaType\":\"String\",\"list\":true,\"params\":{},\"pk\":false,\"query\":true,\"queryType\":\"LIKE\",\"required\":false,\"sort\":2,\"superColumn\":false,\"tableId\":32,\"updateBy\":\"\",\"usableColumn\":false},{\"capJavaField\":\"PriceTicket\",\"columnComment\":\"门票价格\",\"columnId\":182,\"columnName\":\"price_ticket\",\"columnType\":\"varchar(255)\",\"createBy\":\"admin\",\"createTime\":\"2023-06-26 11:35:48\",\"dictType\":\"\",\"edit\":true,\"htmlType\":\"input\",\"increment\":false,\"insert\":true,\"isEdit\":\"1\",\"isIncrement\":\"0\",\"isInsert\":\"1\",\"isList\":\"1\",\"isPk\":\"0\",\"isQuery\":\"1\",\"javaField\":\"priceTicket\",\"javaType\":\"String\",\"list\":true,\"params\":{},\"pk\":false,\"query\":true,\"queryType\":\"LIKE\",\"required\":false,\"sort\":3,\"superColumn\":false,\"tableId\":32,\"updateBy\":\"\",\"usableColumn\":false}],\"crud\":true,\"functionAuthor\":\"ruoyi\",\"functionName\":\"票价\",\"genPath\":\"/\",\"genType\":\"0\",\"moduleName\":\"system\",\"options\":\"{}\",\"packageName\":\"com.ruoyi.system\",\"params\":{},\"sub\":false,\"tableComment\":\"票价表\",\"tableId\":32,\"tableName\":\"self_ticket_prices\",\"tplCategory\":\"crud\",\"tree\":false}','{\"msg\":\"操作成功\",\"code\":200}',0,NULL,'2023-06-26 11:40:37',11),(254,'代码生成',2,'com.ruoyi.generator.controller.GenController.editSave()','PUT',1,'admin',NULL,'/tool/gen','127.0.0.1','内网IP','{\"businessName\":\"ticket_services\",\"className\":\"SelfTicketServices\",\"columns\":[{\"capJavaField\":\"Id\",\"columnComment\":\"ID\",\"columnId\":183,\"columnName\":\"id\",\"columnType\":\"int(11)\",\"createBy\":\"admin\",\"createTime\":\"2023-06-26 11:35:48\",\"dictType\":\"\",\"edit\":false,\"htmlType\":\"input\",\"increment\":true,\"insert\":true,\"isIncrement\":\"1\",\"isInsert\":\"1\",\"isPk\":\"1\",\"javaField\":\"id\",\"javaType\":\"Long\",\"list\":false,\"params\":{},\"pk\":true,\"query\":false,\"queryType\":\"EQ\",\"required\":false,\"sort\":1,\"superColumn\":false,\"tableId\":33,\"updateBy\":\"\",\"usableColumn\":false},{\"capJavaField\":\"TicketId\",\"columnComment\":\"门票号\",\"columnId\":184,\"columnName\":\"ticket_id\",\"columnType\":\"int(11)\",\"createBy\":\"admin\",\"createTime\":\"2023-06-26 11:35:48\",\"dictType\":\"\",\"edit\":true,\"htmlType\":\"input\",\"increment\":false,\"insert\":true,\"isEdit\":\"1\",\"isIncrement\":\"0\",\"isInsert\":\"1\",\"isList\":\"1\",\"isPk\":\"0\",\"isQuery\":\"1\",\"javaField\":\"ticketId\",\"javaType\":\"Long\",\"list\":true,\"params\":{},\"pk\":false,\"query\":true,\"queryType\":\"LIKE\",\"required\":false,\"sort\":2,\"superColumn\":false,\"tableId\":33,\"updateBy\":\"\",\"usableColumn\":false},{\"capJavaField\":\"CnId\",\"columnComment\":\"身份证号\",\"columnId\":185,\"columnName\":\"cn_id\",\"columnType\":\"varchar(255)\",\"createBy\":\"admin\",\"createTime\":\"2023-06-26 11:35:48\",\"dictType\":\"\",\"edit\":true,\"htmlType\":\"input\",\"increment\":false,\"insert\":true,\"isEdit\":\"1\",\"isIncrement\":\"0\",\"isInsert\":\"1\",\"isList\":\"1\",\"isPk\":\"0\",\"isQuery\":\"1\",\"javaField\":\"cnId\",\"javaType\":\"String\",\"list\":true,\"params\":{},\"pk\":false,\"query\":true,\"queryType\":\"LIKE\",\"required\":false,\"sort\":3,\"superColumn\":false,\"tableId\":33,\"updateBy\":\"\",\"usableColumn\":false},{\"capJavaField\":\"ScheduledDate\",\"columnComment\":\"预约日期\",\"columnId\":186,\"columnName\":\"scheduled_date\",\"columnType\":\"datetime\",\"createBy\":\"admin\",\"createTime\":\"2023-06-26 11:35:48\",\"dictType\":\"\",\"edit\":true,\"htmlType\":\"datetime\",\"increment\":false,\"insert\":true,\"isEdit\":\"1\",\"isIncrement\":\"0\",\"isInsert\":\"1\",\"isList\":\"1\",\"isPk\":\"0\",\"isQuery\":\"1\",\"javaField\":\"scheduledDate\",\"javaType\":\"Date\",\"list\":tr','{\"msg\":\"操作成功\",\"code\":200}',0,NULL,'2023-06-26 11:42:12',18),(255,'代码生成',8,'com.ruoyi.generator.controller.GenController.batchGenCode()','GET',1,'admin',NULL,'/tool/gen/batchGenCode','127.0.0.1','内网IP','{\"tables\":\"self_attendances,self_complaints,self_emergencies,self_hotel_orders,self_hotel_prices,self_hotel_rooms,self_parking_cars,self_visitors,self_ticket_prices,self_ticket_services\"}',NULL,0,NULL,'2023-06-26 11:42:20',180),(256,'代码生成',8,'com.ruoyi.generator.controller.GenController.batchGenCode()','GET',1,'admin',NULL,'/tool/gen/batchGenCode','127.0.0.1','内网IP','{\"tables\":\"self_attendances\"}',NULL,0,NULL,'2023-06-26 11:45:20',123),(257,'代码生成',8,'com.ruoyi.generator.controller.GenController.batchGenCode()','GET',1,'admin',NULL,'/tool/gen/batchGenCode','127.0.0.1','内网IP','{\"tables\":\"self_complaints\"}',NULL,0,NULL,'2023-06-26 11:45:21',32),(258,'代码生成',8,'com.ruoyi.generator.controller.GenController.batchGenCode()','GET',1,'admin',NULL,'/tool/gen/batchGenCode','127.0.0.1','内网IP','{\"tables\":\"self_emergencies\"}',NULL,0,NULL,'2023-06-26 11:45:22',27),(259,'代码生成',8,'com.ruoyi.generator.controller.GenController.batchGenCode()','GET',1,'admin',NULL,'/tool/gen/batchGenCode','127.0.0.1','内网IP','{\"tables\":\"self_hotel_orders\"}',NULL,0,NULL,'2023-06-26 11:45:22',29),(260,'代码生成',8,'com.ruoyi.generator.controller.GenController.batchGenCode()','GET',1,'admin',NULL,'/tool/gen/batchGenCode','127.0.0.1','内网IP','{\"tables\":\"self_hotel_prices\"}',NULL,0,NULL,'2023-06-26 11:45:23',20),(261,'代码生成',8,'com.ruoyi.generator.controller.GenController.batchGenCode()','GET',1,'admin',NULL,'/tool/gen/batchGenCode','127.0.0.1','内网IP','{\"tables\":\"self_hotel_rooms\"}',NULL,0,NULL,'2023-06-26 11:45:24',26),(262,'代码生成',8,'com.ruoyi.generator.controller.GenController.batchGenCode()','GET',1,'admin',NULL,'/tool/gen/batchGenCode','127.0.0.1','内网IP','{\"tables\":\"self_parking_cars\"}',NULL,0,NULL,'2023-06-26 11:45:25',27),(263,'代码生成',8,'com.ruoyi.generator.controller.GenController.batchGenCode()','GET',1,'admin',NULL,'/tool/gen/batchGenCode','127.0.0.1','内网IP','{\"tables\":\"self_visitors\"}',NULL,0,NULL,'2023-06-26 11:45:25',21),(264,'代码生成',8,'com.ruoyi.generator.controller.GenController.batchGenCode()','GET',1,'admin',NULL,'/tool/gen/batchGenCode','127.0.0.1','内网IP','{\"tables\":\"self_ticket_prices\"}',NULL,0,NULL,'2023-06-26 11:45:26',17),(265,'代码生成',8,'com.ruoyi.generator.controller.GenController.batchGenCode()','GET',1,'admin',NULL,'/tool/gen/batchGenCode','127.0.0.1','内网IP','{\"tables\":\"self_ticket_services\"}',NULL,0,NULL,'2023-06-26 11:45:27',22),(266,'菜单管理',3,'com.ruoyi.web.controller.system.SysMenuController.remove()','DELETE',1,'admin',NULL,'/system/menu/2068','127.0.0.1','内网IP','{}','{\"msg\":\"操作成功\",\"code\":200}',0,NULL,'2023-06-26 11:48:16',14),(267,'菜单管理',3,'com.ruoyi.web.controller.system.SysMenuController.remove()','DELETE',1,'admin',NULL,'/system/menu/2084','127.0.0.1','内网IP','{}','{\"msg\":\"操作成功\",\"code\":200}',0,NULL,'2023-06-26 11:48:22',8),(268,'菜单管理',3,'com.ruoyi.web.controller.system.SysMenuController.remove()','DELETE',1,'admin',NULL,'/system/menu/2083','127.0.0.1','内网IP','{}','{\"msg\":\"操作成功\",\"code\":200}',0,NULL,'2023-06-26 11:48:25',8),(269,'菜单管理',3,'com.ruoyi.web.controller.system.SysMenuController.remove()','DELETE',1,'admin',NULL,'/system/menu/2082','127.0.0.1','内网IP','{}','{\"msg\":\"操作成功\",\"code\":200}',0,NULL,'2023-06-26 11:48:26',8),(270,'菜单管理',3,'com.ruoyi.web.controller.system.SysMenuController.remove()','DELETE',1,'admin',NULL,'/system/menu/2081','127.0.0.1','内网IP','{}','{\"msg\":\"操作成功\",\"code\":200}',0,NULL,'2023-06-26 11:48:29',9),(271,'菜单管理',3,'com.ruoyi.web.controller.system.SysMenuController.remove()','DELETE',1,'admin',NULL,'/system/menu/2080','127.0.0.1','内网IP','{}','{\"msg\":\"操作成功\",\"code\":200}',0,NULL,'2023-06-26 11:48:30',8),(272,'菜单管理',3,'com.ruoyi.web.controller.system.SysMenuController.remove()','DELETE',1,'admin',NULL,'/system/menu/2079','127.0.0.1','内网IP','{}','{\"msg\":\"操作成功\",\"code\":200}',0,NULL,'2023-06-26 11:48:32',8),(273,'菜单管理',3,'com.ruoyi.web.controller.system.SysMenuController.remove()','DELETE',1,'admin',NULL,'/system/menu/2078','127.0.0.1','内网IP','{}','{\"msg\":\"操作成功\",\"code\":200}',0,NULL,'2023-06-26 11:48:34',8),(274,'菜单管理',3,'com.ruoyi.web.controller.system.SysMenuController.remove()','DELETE',1,'admin',NULL,'/system/menu/2077','127.0.0.1','内网IP','{}','{\"msg\":\"操作成功\",\"code\":200}',0,NULL,'2023-06-26 11:48:35',6),(275,'菜单管理',3,'com.ruoyi.web.controller.system.SysMenuController.remove()','DELETE',1,'admin',NULL,'/system/menu/2076','127.0.0.1','内网IP','{}','{\"msg\":\"操作成功\",\"code\":200}',0,NULL,'2023-06-26 11:48:38',8),(276,'菜单管理',3,'com.ruoyi.web.controller.system.SysMenuController.remove()','DELETE',1,'admin',NULL,'/system/menu/2075','127.0.0.1','内网IP','{}','{\"msg\":\"操作成功\",\"code\":200}',0,NULL,'2023-06-26 11:48:40',8),(277,'菜单管理',3,'com.ruoyi.web.controller.system.SysMenuController.remove()','DELETE',1,'admin',NULL,'/system/menu/2074','127.0.0.1','内网IP','{}','{\"msg\":\"操作成功\",\"code\":200}',0,NULL,'2023-06-26 11:48:42',7),(278,'菜单管理',3,'com.ruoyi.web.controller.system.SysMenuController.remove()','DELETE',1,'admin',NULL,'/system/menu/2073','127.0.0.1','内网IP','{}','{\"msg\":\"操作成功\",\"code\":200}',0,NULL,'2023-06-26 11:48:43',6),(279,'菜单管理',3,'com.ruoyi.web.controller.system.SysMenuController.remove()','DELETE',1,'admin',NULL,'/system/menu/2072','127.0.0.1','内网IP','{}','{\"msg\":\"操作成功\",\"code\":200}',0,NULL,'2023-06-26 11:48:45',7),(280,'菜单管理',3,'com.ruoyi.web.controller.system.SysMenuController.remove()','DELETE',1,'admin',NULL,'/system/menu/2071','127.0.0.1','内网IP','{}','{\"msg\":\"操作成功\",\"code\":200}',0,NULL,'2023-06-26 11:48:46',8),(281,'菜单管理',3,'com.ruoyi.web.controller.system.SysMenuController.remove()','DELETE',1,'admin',NULL,'/system/menu/2070','127.0.0.1','内网IP','{}','{\"msg\":\"操作成功\",\"code\":200}',0,NULL,'2023-06-26 11:48:48',9),(282,'菜单管理',3,'com.ruoyi.web.controller.system.SysMenuController.remove()','DELETE',1,'admin',NULL,'/system/menu/2069','127.0.0.1','内网IP','{}','{\"msg\":\"操作成功\",\"code\":200}',0,NULL,'2023-06-26 11:48:50',8),(283,'菜单管理',3,'com.ruoyi.web.controller.system.SysMenuController.remove()','DELETE',1,'admin',NULL,'/system/menu/2067','127.0.0.1','内网IP','{}','{\"msg\":\"操作成功\",\"code\":200}',0,NULL,'2023-06-26 11:48:52',7),(284,'代码生成',2,'com.ruoyi.generator.controller.GenController.editSave()','PUT',1,'admin',NULL,'/tool/gen','127.0.0.1','内网IP','{\"businessName\":\"ticket_services\",\"className\":\"SelfTicketServices\",\"columns\":[{\"capJavaField\":\"Id\",\"columnComment\":\"ID\",\"columnId\":183,\"columnName\":\"id\",\"columnType\":\"int(11)\",\"createBy\":\"admin\",\"createTime\":\"2023-06-26 11:35:48\",\"dictType\":\"\",\"edit\":false,\"htmlType\":\"input\",\"increment\":true,\"insert\":true,\"isIncrement\":\"1\",\"isInsert\":\"1\",\"isPk\":\"1\",\"javaField\":\"id\",\"javaType\":\"Long\",\"list\":false,\"params\":{},\"pk\":true,\"query\":false,\"queryType\":\"EQ\",\"required\":false,\"sort\":1,\"superColumn\":false,\"tableId\":33,\"updateBy\":\"\",\"updateTime\":\"2023-06-26 11:42:12\",\"usableColumn\":false},{\"capJavaField\":\"TicketId\",\"columnComment\":\"门票号\",\"columnId\":184,\"columnName\":\"ticket_id\",\"columnType\":\"int(11)\",\"createBy\":\"admin\",\"createTime\":\"2023-06-26 11:35:48\",\"dictType\":\"\",\"edit\":true,\"htmlType\":\"input\",\"increment\":false,\"insert\":true,\"isEdit\":\"1\",\"isIncrement\":\"0\",\"isInsert\":\"1\",\"isList\":\"1\",\"isPk\":\"0\",\"isQuery\":\"1\",\"javaField\":\"ticketId\",\"javaType\":\"Long\",\"list\":true,\"params\":{},\"pk\":false,\"query\":true,\"queryType\":\"LIKE\",\"required\":false,\"sort\":2,\"superColumn\":false,\"tableId\":33,\"updateBy\":\"\",\"updateTime\":\"2023-06-26 11:42:12\",\"usableColumn\":false},{\"capJavaField\":\"CnId\",\"columnComment\":\"身份证号\",\"columnId\":185,\"columnName\":\"cn_id\",\"columnType\":\"varchar(255)\",\"createBy\":\"admin\",\"createTime\":\"2023-06-26 11:35:48\",\"dictType\":\"\",\"edit\":true,\"htmlType\":\"input\",\"increment\":false,\"insert\":true,\"isEdit\":\"1\",\"isIncrement\":\"0\",\"isInsert\":\"1\",\"isList\":\"1\",\"isPk\":\"0\",\"isQuery\":\"1\",\"javaField\":\"cnId\",\"javaType\":\"String\",\"list\":true,\"params\":{},\"pk\":false,\"query\":true,\"queryType\":\"LIKE\",\"required\":false,\"sort\":3,\"superColumn\":false,\"tableId\":33,\"updateBy\":\"\",\"updateTime\":\"2023-06-26 11:42:12\",\"usableColumn\":false},{\"capJavaField\":\"ScheduledDate\",\"columnComment\":\"预约日期\",\"columnId\":186,\"columnName\":\"scheduled_date\",\"columnType\":\"datetime\",\"createBy\":\"admin\",\"createTime\":\"2023-06-26 11:35:48\",\"dictType\":\"\",\"edit\":true,\"htmlType\":\"datetime\",\"increment\":false,\"insert\":true,\"isEdit\":\"1\",\"isIncrement\":\"0\",\"is','{\"msg\":\"操作成功\",\"code\":200}',0,NULL,'2023-06-26 11:55:53',37),(285,'代码生成',2,'com.ruoyi.generator.controller.GenController.editSave()','PUT',1,'admin',NULL,'/tool/gen','127.0.0.1','内网IP','{\"businessName\":\"ticket_prices\",\"className\":\"SelfTicketPrices\",\"columns\":[{\"capJavaField\":\"Id\",\"columnComment\":\"ID\",\"columnId\":180,\"columnName\":\"id\",\"columnType\":\"int(11)\",\"createBy\":\"admin\",\"createTime\":\"2023-06-26 11:35:48\",\"dictType\":\"\",\"edit\":false,\"htmlType\":\"input\",\"increment\":true,\"insert\":true,\"isIncrement\":\"1\",\"isInsert\":\"1\",\"isPk\":\"1\",\"javaField\":\"id\",\"javaType\":\"Long\",\"list\":false,\"params\":{},\"pk\":true,\"query\":false,\"queryType\":\"EQ\",\"required\":false,\"sort\":1,\"superColumn\":false,\"tableId\":32,\"updateBy\":\"\",\"updateTime\":\"2023-06-26 11:40:36\",\"usableColumn\":false},{\"capJavaField\":\"TypeTicket\",\"columnComment\":\"门票类型\",\"columnId\":181,\"columnName\":\"type_ticket\",\"columnType\":\"varchar(255)\",\"createBy\":\"admin\",\"createTime\":\"2023-06-26 11:35:48\",\"dictType\":\"\",\"edit\":true,\"htmlType\":\"input\",\"increment\":false,\"insert\":true,\"isEdit\":\"1\",\"isIncrement\":\"0\",\"isInsert\":\"1\",\"isList\":\"1\",\"isPk\":\"0\",\"isQuery\":\"1\",\"javaField\":\"typeTicket\",\"javaType\":\"String\",\"list\":true,\"params\":{},\"pk\":false,\"query\":true,\"queryType\":\"LIKE\",\"required\":false,\"sort\":2,\"superColumn\":false,\"tableId\":32,\"updateBy\":\"\",\"updateTime\":\"2023-06-26 11:40:36\",\"usableColumn\":false},{\"capJavaField\":\"PriceTicket\",\"columnComment\":\"门票价格\",\"columnId\":182,\"columnName\":\"price_ticket\",\"columnType\":\"varchar(255)\",\"createBy\":\"admin\",\"createTime\":\"2023-06-26 11:35:48\",\"dictType\":\"\",\"edit\":true,\"htmlType\":\"input\",\"increment\":false,\"insert\":true,\"isEdit\":\"1\",\"isIncrement\":\"0\",\"isInsert\":\"1\",\"isList\":\"1\",\"isPk\":\"0\",\"isQuery\":\"1\",\"javaField\":\"priceTicket\",\"javaType\":\"String\",\"list\":true,\"params\":{},\"pk\":false,\"query\":true,\"queryType\":\"LIKE\",\"required\":false,\"sort\":3,\"superColumn\":false,\"tableId\":32,\"updateBy\":\"\",\"updateTime\":\"2023-06-26 11:40:37\",\"usableColumn\":false}],\"crud\":true,\"functionAuthor\":\"ruoyi\",\"functionName\":\"票价\",\"genPath\":\"/\",\"genType\":\"0\",\"moduleName\":\"system\",\"options\":\"{\\\"parentMenuId\\\":2000}\",\"packageName\":\"com.ruoyi.system\",\"params\":{\"parentMenuId\":2000},\"parentMenuId\":\"2000\",\"sub\":false,\"tableComment\":\"票价表','{\"msg\":\"操作成功\",\"code\":200}',0,NULL,'2023-06-26 11:56:15',10),(286,'代码生成',2,'com.ruoyi.generator.controller.GenController.editSave()','PUT',1,'admin',NULL,'/tool/gen','127.0.0.1','内网IP','{\"businessName\":\"visitors\",\"className\":\"SelfVisitors\",\"columns\":[{\"capJavaField\":\"Id\",\"columnComment\":\"ID\",\"columnId\":162,\"columnName\":\"id\",\"columnType\":\"int(11)\",\"createBy\":\"admin\",\"createTime\":\"2023-06-26 10:36:28\",\"dictType\":\"\",\"edit\":false,\"htmlType\":\"input\",\"increment\":true,\"insert\":true,\"isIncrement\":\"1\",\"isInsert\":\"1\",\"isPk\":\"1\",\"javaField\":\"id\",\"javaType\":\"Long\",\"list\":false,\"params\":{},\"pk\":true,\"query\":false,\"queryType\":\"EQ\",\"required\":false,\"sort\":1,\"superColumn\":false,\"tableId\":31,\"updateBy\":\"\",\"updateTime\":\"2023-06-26 11:39:54\",\"usableColumn\":false},{\"capJavaField\":\"CnId\",\"columnComment\":\"身份证号\",\"columnId\":163,\"columnName\":\"cn_id\",\"columnType\":\"varchar(255)\",\"createBy\":\"admin\",\"createTime\":\"2023-06-26 10:36:28\",\"dictType\":\"\",\"edit\":true,\"htmlType\":\"input\",\"increment\":false,\"insert\":true,\"isEdit\":\"1\",\"isIncrement\":\"0\",\"isInsert\":\"1\",\"isList\":\"1\",\"isPk\":\"0\",\"isQuery\":\"1\",\"isRequired\":\"1\",\"javaField\":\"cnId\",\"javaType\":\"String\",\"list\":true,\"params\":{},\"pk\":false,\"query\":true,\"queryType\":\"LIKE\",\"required\":true,\"sort\":2,\"superColumn\":false,\"tableId\":31,\"updateBy\":\"\",\"updateTime\":\"2023-06-26 11:39:54\",\"usableColumn\":false},{\"capJavaField\":\"VisitorsName\",\"columnComment\":\"游客姓名\",\"columnId\":164,\"columnName\":\"visitors_name\",\"columnType\":\"varchar(255)\",\"createBy\":\"admin\",\"createTime\":\"2023-06-26 10:36:28\",\"dictType\":\"\",\"edit\":true,\"htmlType\":\"input\",\"increment\":false,\"insert\":true,\"isEdit\":\"1\",\"isIncrement\":\"0\",\"isInsert\":\"1\",\"isList\":\"1\",\"isPk\":\"0\",\"isQuery\":\"1\",\"isRequired\":\"1\",\"javaField\":\"visitorsName\",\"javaType\":\"String\",\"list\":true,\"params\":{},\"pk\":false,\"query\":true,\"queryType\":\"LIKE\",\"required\":true,\"sort\":3,\"superColumn\":false,\"tableId\":31,\"updateBy\":\"\",\"updateTime\":\"2023-06-26 11:39:54\",\"usableColumn\":false},{\"capJavaField\":\"PhoneNumber\",\"columnComment\":\"手机号\",\"columnId\":165,\"columnName\":\"phone_number\",\"columnType\":\"varchar(255)\",\"createBy\":\"admin\",\"createTime\":\"2023-06-26 10:36:28\",\"dictType\":\"\",\"edit\":true,\"htmlType\":\"input\",\"increment\":false,\"insert\":true','{\"msg\":\"操作成功\",\"code\":200}',0,NULL,'2023-06-26 11:56:23',20),(287,'代码生成',2,'com.ruoyi.generator.controller.GenController.editSave()','PUT',1,'admin',NULL,'/tool/gen','127.0.0.1','内网IP','{\"businessName\":\"cars\",\"className\":\"SelfParkingCars\",\"columns\":[{\"capJavaField\":\"Id\",\"columnComment\":\"ID\",\"columnId\":145,\"columnName\":\"id\",\"columnType\":\"int(11)\",\"createBy\":\"admin\",\"createTime\":\"2023-06-26 10:36:28\",\"dictType\":\"\",\"edit\":false,\"htmlType\":\"input\",\"increment\":true,\"insert\":true,\"isIncrement\":\"1\",\"isInsert\":\"1\",\"isPk\":\"1\",\"javaField\":\"id\",\"javaType\":\"Long\",\"list\":false,\"params\":{},\"pk\":true,\"query\":false,\"queryType\":\"EQ\",\"required\":false,\"sort\":1,\"superColumn\":false,\"tableId\":28,\"updateBy\":\"\",\"updateTime\":\"2023-06-26 11:40:07\",\"usableColumn\":false},{\"capJavaField\":\"CarId\",\"columnComment\":\"车牌号\",\"columnId\":146,\"columnName\":\"car_id\",\"columnType\":\"varchar(255)\",\"createBy\":\"admin\",\"createTime\":\"2023-06-26 10:36:28\",\"dictType\":\"\",\"edit\":true,\"htmlType\":\"input\",\"increment\":false,\"insert\":true,\"isEdit\":\"1\",\"isIncrement\":\"0\",\"isInsert\":\"1\",\"isList\":\"1\",\"isPk\":\"0\",\"isQuery\":\"1\",\"javaField\":\"carId\",\"javaType\":\"String\",\"list\":true,\"params\":{},\"pk\":false,\"query\":true,\"queryType\":\"LIKE\",\"required\":false,\"sort\":2,\"superColumn\":false,\"tableId\":28,\"updateBy\":\"\",\"updateTime\":\"2023-06-26 11:40:07\",\"usableColumn\":false},{\"capJavaField\":\"CarInTime\",\"columnComment\":\"入场时间\",\"columnId\":177,\"columnName\":\"car_in_time\",\"columnType\":\"datetime\",\"createBy\":\"\",\"createTime\":\"2023-06-26 11:34:59\",\"dictType\":\"\",\"edit\":true,\"htmlType\":\"datetime\",\"increment\":false,\"insert\":true,\"isEdit\":\"1\",\"isIncrement\":\"0\",\"isInsert\":\"1\",\"isList\":\"1\",\"isPk\":\"0\",\"isQuery\":\"1\",\"javaField\":\"carInTime\",\"javaType\":\"Date\",\"list\":true,\"params\":{},\"pk\":false,\"query\":true,\"queryType\":\"BETWEEN\",\"required\":false,\"sort\":3,\"superColumn\":false,\"tableId\":28,\"updateBy\":\"\",\"updateTime\":\"2023-06-26 11:40:07\",\"usableColumn\":false},{\"capJavaField\":\"CarOutTime\",\"columnComment\":\"出场时间\",\"columnId\":178,\"columnName\":\"car_out_time\",\"columnType\":\"datetime\",\"createBy\":\"\",\"createTime\":\"2023-06-26 11:34:59\",\"dictType\":\"\",\"edit\":true,\"htmlType\":\"datetime\",\"increment\":false,\"insert\":true,\"isEdit\":\"1\",\"isIncrement\":\"0\",\"isInsert\":\"1\",\"is','{\"msg\":\"操作成功\",\"code\":200}',0,NULL,'2023-06-26 11:56:28',15),(288,'代码生成',2,'com.ruoyi.generator.controller.GenController.editSave()','PUT',1,'admin',NULL,'/tool/gen','127.0.0.1','内网IP','{\"businessName\":\"rooms\",\"className\":\"SelfHotelRooms\",\"columns\":[{\"capJavaField\":\"Id\",\"columnComment\":\"ID\",\"columnId\":140,\"columnName\":\"id\",\"columnType\":\"int(11)\",\"createBy\":\"admin\",\"createTime\":\"2023-06-26 10:36:28\",\"dictType\":\"\",\"edit\":false,\"htmlType\":\"input\",\"increment\":true,\"insert\":true,\"isIncrement\":\"1\",\"isInsert\":\"1\",\"isPk\":\"1\",\"javaField\":\"id\",\"javaType\":\"Long\",\"list\":false,\"params\":{},\"pk\":true,\"query\":false,\"queryType\":\"EQ\",\"required\":false,\"sort\":1,\"superColumn\":false,\"tableId\":27,\"updateBy\":\"\",\"updateTime\":\"2023-06-26 11:24:35\",\"usableColumn\":false},{\"capJavaField\":\"RoomId\",\"columnComment\":\"房间号\",\"columnId\":141,\"columnName\":\"room_id\",\"columnType\":\"int(11)\",\"createBy\":\"admin\",\"createTime\":\"2023-06-26 10:36:28\",\"dictType\":\"\",\"edit\":true,\"htmlType\":\"input\",\"increment\":false,\"insert\":true,\"isEdit\":\"1\",\"isIncrement\":\"0\",\"isInsert\":\"1\",\"isList\":\"1\",\"isPk\":\"0\",\"isQuery\":\"1\",\"javaField\":\"roomId\",\"javaType\":\"Long\",\"list\":true,\"params\":{},\"pk\":false,\"query\":true,\"queryType\":\"LIKE\",\"required\":false,\"sort\":2,\"superColumn\":false,\"tableId\":27,\"updateBy\":\"\",\"updateTime\":\"2023-06-26 11:24:35\",\"usableColumn\":false},{\"capJavaField\":\"TypeRoom\",\"columnComment\":\"房间类型\",\"columnId\":170,\"columnName\":\"type_room\",\"columnType\":\"varchar(255)\",\"createBy\":\"\",\"createTime\":\"2023-06-26 11:17:23\",\"dictType\":\"\",\"edit\":true,\"htmlType\":\"input\",\"increment\":false,\"insert\":true,\"isEdit\":\"1\",\"isIncrement\":\"0\",\"isInsert\":\"1\",\"isList\":\"1\",\"isPk\":\"0\",\"isQuery\":\"1\",\"javaField\":\"typeRoom\",\"javaType\":\"String\",\"list\":true,\"params\":{},\"pk\":false,\"query\":true,\"queryType\":\"EQ\",\"required\":false,\"sort\":3,\"superColumn\":false,\"tableId\":27,\"updateBy\":\"\",\"updateTime\":\"2023-06-26 11:24:35\",\"usableColumn\":false},{\"capJavaField\":\"OrderId\",\"columnComment\":\"订单号\",\"columnId\":143,\"columnName\":\"order_id\",\"columnType\":\"int(11)\",\"createBy\":\"admin\",\"createTime\":\"2023-06-26 10:36:28\",\"dictType\":\"\",\"edit\":true,\"htmlType\":\"input\",\"increment\":false,\"insert\":true,\"isEdit\":\"1\",\"isIncrement\":\"0\",\"isInsert\":\"1\",\"isList\":\"1\",\"isPk\":','{\"msg\":\"操作成功\",\"code\":200}',0,NULL,'2023-06-26 11:56:34',12),(289,'代码生成',2,'com.ruoyi.generator.controller.GenController.editSave()','PUT',1,'admin',NULL,'/tool/gen','127.0.0.1','内网IP','{\"businessName\":\"hotel_prices\",\"className\":\"SelfHotelPrices\",\"columns\":[{\"capJavaField\":\"Id\",\"columnComment\":\"ID\",\"columnId\":135,\"columnName\":\"id\",\"columnType\":\"int(11)\",\"createBy\":\"admin\",\"createTime\":\"2023-06-26 10:36:28\",\"dictType\":\"\",\"edit\":false,\"htmlType\":\"input\",\"increment\":true,\"insert\":true,\"isIncrement\":\"1\",\"isInsert\":\"1\",\"isPk\":\"1\",\"javaField\":\"id\",\"javaType\":\"Long\",\"list\":false,\"params\":{},\"pk\":true,\"query\":false,\"queryType\":\"EQ\",\"required\":false,\"sort\":1,\"superColumn\":false,\"tableId\":26,\"updateBy\":\"\",\"updateTime\":\"2023-06-26 11:38:44\",\"usableColumn\":false},{\"capJavaField\":\"TypeRoom\",\"columnComment\":\"房间类型\",\"columnId\":168,\"columnName\":\"type_room\",\"columnType\":\"varchar(255)\",\"createBy\":\"\",\"createTime\":\"2023-06-26 11:17:22\",\"dictType\":\"\",\"edit\":true,\"htmlType\":\"input\",\"increment\":false,\"insert\":true,\"isEdit\":\"1\",\"isIncrement\":\"0\",\"isInsert\":\"1\",\"isList\":\"1\",\"isPk\":\"0\",\"isQuery\":\"1\",\"javaField\":\"typeRoom\",\"javaType\":\"String\",\"list\":true,\"params\":{},\"pk\":false,\"query\":true,\"queryType\":\"LIKE\",\"required\":false,\"sort\":2,\"superColumn\":false,\"tableId\":26,\"updateBy\":\"\",\"updateTime\":\"2023-06-26 11:38:44\",\"usableColumn\":false},{\"capJavaField\":\"PriceRoom\",\"columnComment\":\"房间价格\",\"columnId\":169,\"columnName\":\"price_room\",\"columnType\":\"varchar(255)\",\"createBy\":\"\",\"createTime\":\"2023-06-26 11:17:22\",\"dictType\":\"\",\"edit\":true,\"htmlType\":\"input\",\"increment\":false,\"insert\":true,\"isEdit\":\"1\",\"isIncrement\":\"0\",\"isInsert\":\"1\",\"isList\":\"1\",\"isPk\":\"0\",\"isQuery\":\"1\",\"javaField\":\"priceRoom\",\"javaType\":\"String\",\"list\":true,\"params\":{},\"pk\":false,\"query\":true,\"queryType\":\"LIKE\",\"required\":false,\"sort\":3,\"superColumn\":false,\"tableId\":26,\"updateBy\":\"\",\"updateTime\":\"2023-06-26 11:38:44\",\"usableColumn\":false},{\"capJavaField\":\"TotalRooms\",\"columnComment\":\"房间总数\",\"columnId\":138,\"columnName\":\"total_rooms\",\"columnType\":\"int(11)\",\"createBy\":\"admin\",\"createTime\":\"2023-06-26 10:36:28\",\"dictType\":\"\",\"edit\":true,\"htmlType\":\"input\",\"increment\":false,\"insert\":true,\"isEdit\":\"1\",\"isIncrement\":\"0\",\"isIns','{\"msg\":\"操作成功\",\"code\":200}',0,NULL,'2023-06-26 11:56:45',13),(290,'代码生成',2,'com.ruoyi.generator.controller.GenController.editSave()','PUT',1,'admin',NULL,'/tool/gen','127.0.0.1','内网IP','{\"businessName\":\"orders\",\"className\":\"SelfHotelOrders\",\"columns\":[{\"capJavaField\":\"Id\",\"columnComment\":\"ID\",\"columnId\":132,\"columnName\":\"id\",\"columnType\":\"int(11)\",\"createBy\":\"admin\",\"createTime\":\"2023-06-26 10:36:28\",\"dictType\":\"\",\"edit\":false,\"htmlType\":\"input\",\"increment\":true,\"insert\":true,\"isIncrement\":\"1\",\"isInsert\":\"1\",\"isPk\":\"1\",\"javaField\":\"id\",\"javaType\":\"Long\",\"list\":false,\"params\":{},\"pk\":true,\"query\":false,\"queryType\":\"EQ\",\"required\":false,\"sort\":1,\"superColumn\":false,\"tableId\":25,\"updateBy\":\"\",\"updateTime\":\"2023-06-26 11:22:41\",\"usableColumn\":false},{\"capJavaField\":\"OrderId\",\"columnComment\":\"订单号\",\"columnId\":133,\"columnName\":\"order_id\",\"columnType\":\"int(11)\",\"createBy\":\"admin\",\"createTime\":\"2023-06-26 10:36:28\",\"dictType\":\"\",\"edit\":true,\"htmlType\":\"input\",\"increment\":false,\"insert\":true,\"isEdit\":\"1\",\"isIncrement\":\"0\",\"isInsert\":\"1\",\"isList\":\"1\",\"isPk\":\"0\",\"isQuery\":\"1\",\"javaField\":\"orderId\",\"javaType\":\"Long\",\"list\":true,\"params\":{},\"pk\":false,\"query\":true,\"queryType\":\"LIKE\",\"required\":false,\"sort\":2,\"superColumn\":false,\"tableId\":25,\"updateBy\":\"\",\"updateTime\":\"2023-06-26 11:22:41\",\"usableColumn\":false},{\"capJavaField\":\"CnId\",\"columnComment\":\"身份证号\",\"columnId\":134,\"columnName\":\"cn_id\",\"columnType\":\"varchar(255)\",\"createBy\":\"admin\",\"createTime\":\"2023-06-26 10:36:28\",\"dictType\":\"\",\"edit\":true,\"htmlType\":\"input\",\"increment\":false,\"insert\":true,\"isEdit\":\"1\",\"isIncrement\":\"0\",\"isInsert\":\"1\",\"isList\":\"1\",\"isPk\":\"0\",\"isQuery\":\"1\",\"javaField\":\"cnId\",\"javaType\":\"String\",\"list\":true,\"params\":{},\"pk\":false,\"query\":true,\"queryType\":\"LIKE\",\"required\":false,\"sort\":3,\"superColumn\":false,\"tableId\":25,\"updateBy\":\"\",\"updateTime\":\"2023-06-26 11:22:41\",\"usableColumn\":false}],\"crud\":true,\"functionAuthor\":\"ruoyi\",\"functionName\":\"酒店订单\",\"genPath\":\"/\",\"genType\":\"0\",\"moduleName\":\"system\",\"options\":\"{\\\"parentMenuId\\\":\\\"2000\\\"}\",\"packageName\":\"com.ruoyi.system\",\"params\":{\"parentMenuId\":\"2000\"},\"parentMenuId\":\"2000\",\"sub\":false,\"tableComment\":\"酒店订单表\",\"tableId\":25,\"tableName\":\"self_hot','{\"msg\":\"操作成功\",\"code\":200}',0,NULL,'2023-06-26 11:56:52',10),(291,'代码生成',2,'com.ruoyi.generator.controller.GenController.editSave()','PUT',1,'admin',NULL,'/tool/gen','127.0.0.1','内网IP','{\"businessName\":\"emergencies\",\"className\":\"SelfEmergencies\",\"columns\":[{\"capJavaField\":\"Id\",\"columnComment\":\"ID\",\"columnId\":125,\"columnName\":\"id\",\"columnType\":\"int(11)\",\"createBy\":\"admin\",\"createTime\":\"2023-06-26 10:36:28\",\"dictType\":\"\",\"edit\":false,\"htmlType\":\"input\",\"increment\":true,\"insert\":true,\"isIncrement\":\"1\",\"isInsert\":\"1\",\"isPk\":\"1\",\"javaField\":\"id\",\"javaType\":\"Long\",\"list\":false,\"params\":{},\"pk\":true,\"query\":false,\"queryType\":\"EQ\",\"required\":false,\"sort\":1,\"superColumn\":false,\"tableId\":24,\"updateBy\":\"\",\"updateTime\":\"2023-06-26 11:22:28\",\"usableColumn\":false},{\"capJavaField\":\"Location\",\"columnComment\":\"事件地点\",\"columnId\":126,\"columnName\":\"location\",\"columnType\":\"varchar(255)\",\"createBy\":\"admin\",\"createTime\":\"2023-06-26 10:36:28\",\"dictType\":\"\",\"edit\":true,\"htmlType\":\"input\",\"increment\":false,\"insert\":true,\"isEdit\":\"1\",\"isIncrement\":\"0\",\"isInsert\":\"1\",\"isList\":\"1\",\"isPk\":\"0\",\"isQuery\":\"1\",\"javaField\":\"location\",\"javaType\":\"String\",\"list\":true,\"params\":{},\"pk\":false,\"query\":true,\"queryType\":\"LIKE\",\"required\":false,\"sort\":2,\"superColumn\":false,\"tableId\":24,\"updateBy\":\"\",\"updateTime\":\"2023-06-26 11:22:28\",\"usableColumn\":false},{\"capJavaField\":\"EmergenciesMessage\",\"columnComment\":\"事件信息\",\"columnId\":127,\"columnName\":\"emergencies_message\",\"columnType\":\"text\",\"createBy\":\"admin\",\"createTime\":\"2023-06-26 10:36:28\",\"dictType\":\"\",\"edit\":true,\"htmlType\":\"textarea\",\"increment\":false,\"insert\":true,\"isEdit\":\"1\",\"isIncrement\":\"0\",\"isInsert\":\"1\",\"isList\":\"1\",\"isPk\":\"0\",\"isQuery\":\"1\",\"javaField\":\"emergenciesMessage\",\"javaType\":\"String\",\"list\":true,\"params\":{},\"pk\":false,\"query\":true,\"queryType\":\"LIKE\",\"required\":false,\"sort\":3,\"superColumn\":false,\"tableId\":24,\"updateBy\":\"\",\"updateTime\":\"2023-06-26 11:22:28\",\"usableColumn\":false},{\"capJavaField\":\"Department\",\"columnComment\":\"处理部门\",\"columnId\":128,\"columnName\":\"department\",\"columnType\":\"varchar(255)\",\"createBy\":\"admin\",\"createTime\":\"2023-06-26 10:36:28\",\"dictType\":\"\",\"edit\":true,\"htmlType\":\"input\",\"increment\":false,\"insert\":true,\"is','{\"msg\":\"操作成功\",\"code\":200}',0,NULL,'2023-06-26 11:56:56',18),(292,'代码生成',2,'com.ruoyi.generator.controller.GenController.editSave()','PUT',1,'admin',NULL,'/tool/gen','127.0.0.1','内网IP','{\"businessName\":\"attendances\",\"className\":\"SelfAttendances\",\"columns\":[{\"capJavaField\":\"Id\",\"columnComment\":\"ID\",\"columnId\":114,\"columnName\":\"id\",\"columnType\":\"int(11)\",\"createBy\":\"admin\",\"createTime\":\"2023-06-26 10:36:28\",\"dictType\":\"\",\"edit\":false,\"htmlType\":\"input\",\"increment\":true,\"insert\":true,\"isIncrement\":\"1\",\"isInsert\":\"1\",\"isPk\":\"1\",\"javaField\":\"id\",\"javaType\":\"Long\",\"list\":false,\"params\":{},\"pk\":true,\"query\":false,\"queryType\":\"EQ\",\"required\":false,\"sort\":1,\"superColumn\":false,\"tableId\":22,\"updateBy\":\"\",\"updateTime\":\"2023-06-26 11:20:51\",\"usableColumn\":false},{\"capJavaField\":\"EmployeeId\",\"columnComment\":\"员工ID\",\"columnId\":115,\"columnName\":\"employee_id\",\"columnType\":\"varchar(11)\",\"createBy\":\"admin\",\"createTime\":\"2023-06-26 10:36:28\",\"dictType\":\"\",\"edit\":true,\"htmlType\":\"input\",\"increment\":false,\"insert\":true,\"isEdit\":\"1\",\"isIncrement\":\"0\",\"isInsert\":\"1\",\"isList\":\"1\",\"isPk\":\"0\",\"isQuery\":\"1\",\"javaField\":\"employeeId\",\"javaType\":\"String\",\"list\":true,\"params\":{},\"pk\":false,\"query\":true,\"queryType\":\"LIKE\",\"required\":false,\"sort\":2,\"superColumn\":false,\"tableId\":22,\"updateBy\":\"\",\"updateTime\":\"2023-06-26 11:20:51\",\"usableColumn\":false},{\"capJavaField\":\"EmployeeName\",\"columnComment\":\"员工姓名\",\"columnId\":116,\"columnName\":\"employee_name\",\"columnType\":\"varchar(255)\",\"createBy\":\"admin\",\"createTime\":\"2023-06-26 10:36:28\",\"dictType\":\"\",\"edit\":true,\"htmlType\":\"input\",\"increment\":false,\"insert\":true,\"isEdit\":\"1\",\"isIncrement\":\"0\",\"isInsert\":\"1\",\"isList\":\"1\",\"isPk\":\"0\",\"isQuery\":\"1\",\"javaField\":\"employeeName\",\"javaType\":\"String\",\"list\":true,\"params\":{},\"pk\":false,\"query\":true,\"queryType\":\"LIKE\",\"required\":false,\"sort\":3,\"superColumn\":false,\"tableId\":22,\"updateBy\":\"\",\"updateTime\":\"2023-06-26 11:20:51\",\"usableColumn\":false},{\"capJavaField\":\"StateWorking\",\"columnComment\":\"考勤状态\",\"columnId\":117,\"columnName\":\"state_working\",\"columnType\":\"varchar(4)\",\"createBy\":\"admin\",\"createTime\":\"2023-06-26 10:36:28\",\"dictType\":\"\",\"edit\":true,\"htmlType\":\"input\",\"increment\":false,\"insert\":true,\"isEdit','{\"msg\":\"操作成功\",\"code\":200}',0,NULL,'2023-06-26 11:57:00',12),(293,'代码生成',8,'com.ruoyi.generator.controller.GenController.batchGenCode()','GET',1,'admin',NULL,'/tool/gen/batchGenCode','127.0.0.1','内网IP','{\"tables\":\"self_attendances,self_complaints,self_emergencies,self_hotel_orders,self_hotel_prices,self_hotel_rooms,self_parking_cars,self_visitors,self_ticket_prices,self_ticket_services\"}',NULL,0,NULL,'2023-06-26 11:57:05',294),(294,'菜单管理',3,'com.ruoyi.web.controller.system.SysMenuController.remove()','DELETE',1,'admin',NULL,'/system/menu/2092','127.0.0.1','内网IP','{}','{\"msg\":\"操作成功\",\"code\":200}',0,NULL,'2023-06-26 11:59:17',17),(295,'菜单管理',3,'com.ruoyi.web.controller.system.SysMenuController.remove()','DELETE',1,'admin',NULL,'/system/menu/2093','127.0.0.1','内网IP','{}','{\"msg\":\"操作成功\",\"code\":200}',0,NULL,'2023-06-26 11:59:20',9),(296,'菜单管理',3,'com.ruoyi.web.controller.system.SysMenuController.remove()','DELETE',1,'admin',NULL,'/system/menu/2094','127.0.0.1','内网IP','{}','{\"msg\":\"操作成功\",\"code\":200}',0,NULL,'2023-06-26 11:59:24',8),(297,'菜单管理',3,'com.ruoyi.web.controller.system.SysMenuController.remove()','DELETE',1,'admin',NULL,'/system/menu/2087','127.0.0.1','内网IP','{}','{\"msg\":\"操作成功\",\"code\":200}',0,NULL,'2023-06-26 11:59:26',9),(298,'菜单管理',3,'com.ruoyi.web.controller.system.SysMenuController.remove()','DELETE',1,'admin',NULL,'/system/menu/2088','127.0.0.1','内网IP','{}','{\"msg\":\"操作成功\",\"code\":200}',0,NULL,'2023-06-26 11:59:28',7),(299,'菜单管理',3,'com.ruoyi.web.controller.system.SysMenuController.remove()','DELETE',1,'admin',NULL,'/system/menu/2089','127.0.0.1','内网IP','{}','{\"msg\":\"操作成功\",\"code\":200}',0,NULL,'2023-06-26 11:59:31',9),(300,'菜单管理',3,'com.ruoyi.web.controller.system.SysMenuController.remove()','DELETE',1,'admin',NULL,'/system/menu/2086','127.0.0.1','内网IP','{}','{\"msg\":\"操作成功\",\"code\":200}',0,NULL,'2023-06-26 11:59:34',8),(301,'菜单管理',3,'com.ruoyi.web.controller.system.SysMenuController.remove()','DELETE',1,'admin',NULL,'/system/menu/2090','127.0.0.1','内网IP','{}','{\"msg\":\"操作成功\",\"code\":200}',0,NULL,'2023-06-26 11:59:36',7),(302,'菜单管理',3,'com.ruoyi.web.controller.system.SysMenuController.remove()','DELETE',1,'admin',NULL,'/system/menu/2085','127.0.0.1','内网IP','{}','{\"msg\":\"操作成功\",\"code\":200}',0,NULL,'2023-06-26 11:59:38',8),(303,'菜单管理',3,'com.ruoyi.web.controller.system.SysMenuController.remove()','DELETE',1,'admin',NULL,'/system/menu/2095','127.0.0.1','内网IP','{}','{\"msg\":\"操作成功\",\"code\":200}',0,NULL,'2023-06-26 11:59:54',6),(304,'菜单管理',3,'com.ruoyi.web.controller.system.SysMenuController.remove()','DELETE',1,'admin',NULL,'/system/menu/2096','127.0.0.1','内网IP','{}','{\"msg\":\"操作成功\",\"code\":200}',0,NULL,'2023-06-26 11:59:57',7),(305,'菜单管理',3,'com.ruoyi.web.controller.system.SysMenuController.remove()','DELETE',1,'admin',NULL,'/system/menu/2091','127.0.0.1','内网IP','{}','{\"msg\":\"操作成功\",\"code\":200}',0,NULL,'2023-06-26 11:59:59',7),(306,'菜单管理',3,'com.ruoyi.web.controller.system.SysMenuController.remove()','DELETE',1,'admin',NULL,'/system/menu/2102','127.0.0.1','内网IP','{}','{\"msg\":\"操作成功\",\"code\":200}',0,NULL,'2023-06-26 12:00:06',8),(307,'菜单管理',3,'com.ruoyi.web.controller.system.SysMenuController.remove()','DELETE',1,'admin',NULL,'/system/menu/2101','127.0.0.1','内网IP','{}','{\"msg\":\"操作成功\",\"code\":200}',0,NULL,'2023-06-26 12:00:08',8),(308,'菜单管理',3,'com.ruoyi.web.controller.system.SysMenuController.remove()','DELETE',1,'admin',NULL,'/system/menu/2100','127.0.0.1','内网IP','{}','{\"msg\":\"操作成功\",\"code\":200}',0,NULL,'2023-06-26 12:00:10',7),(309,'菜单管理',3,'com.ruoyi.web.controller.system.SysMenuController.remove()','DELETE',1,'admin',NULL,'/system/menu/2099','127.0.0.1','内网IP','{}','{\"msg\":\"操作成功\",\"code\":200}',0,NULL,'2023-06-26 12:00:11',8),(310,'菜单管理',3,'com.ruoyi.web.controller.system.SysMenuController.remove()','DELETE',1,'admin',NULL,'/system/menu/2098','127.0.0.1','内网IP','{}','{\"msg\":\"操作成功\",\"code\":200}',0,NULL,'2023-06-26 12:00:13',10),(311,'菜单管理',3,'com.ruoyi.web.controller.system.SysMenuController.remove()','DELETE',1,'admin',NULL,'/system/menu/2097','127.0.0.1','内网IP','{}','{\"msg\":\"操作成功\",\"code\":200}',0,NULL,'2023-06-26 12:00:15',8),(312,'代码生成',8,'com.ruoyi.generator.controller.GenController.batchGenCode()','GET',1,'admin',NULL,'/tool/gen/batchGenCode','127.0.0.1','内网IP','{\"tables\":\"self_attendances\"}',NULL,0,NULL,'2023-06-26 12:00:57',134),(313,'代码生成',8,'com.ruoyi.generator.controller.GenController.batchGenCode()','GET',1,'admin',NULL,'/tool/gen/batchGenCode','127.0.0.1','内网IP','{\"tables\":\"self_complaints\"}',NULL,0,NULL,'2023-06-26 12:00:58',35),(314,'代码生成',8,'com.ruoyi.generator.controller.GenController.batchGenCode()','GET',1,'admin',NULL,'/tool/gen/batchGenCode','127.0.0.1','内网IP','{\"tables\":\"self_emergencies\"}',NULL,0,NULL,'2023-06-26 12:00:58',42),(315,'代码生成',8,'com.ruoyi.generator.controller.GenController.batchGenCode()','GET',1,'admin',NULL,'/tool/gen/batchGenCode','127.0.0.1','内网IP','{\"tables\":\"self_hotel_orders\"}',NULL,0,NULL,'2023-06-26 12:00:59',25),(316,'代码生成',8,'com.ruoyi.generator.controller.GenController.batchGenCode()','GET',1,'admin',NULL,'/tool/gen/batchGenCode','127.0.0.1','内网IP','{\"tables\":\"self_hotel_prices\"}',NULL,0,NULL,'2023-06-26 12:00:59',22),(317,'代码生成',8,'com.ruoyi.generator.controller.GenController.batchGenCode()','GET',1,'admin',NULL,'/tool/gen/batchGenCode','127.0.0.1','内网IP','{\"tables\":\"self_hotel_rooms\"}',NULL,0,NULL,'2023-06-26 12:01:00',29),(318,'代码生成',8,'com.ruoyi.generator.controller.GenController.batchGenCode()','GET',1,'admin',NULL,'/tool/gen/batchGenCode','127.0.0.1','内网IP','{\"tables\":\"self_parking_cars\"}',NULL,0,NULL,'2023-06-26 12:01:01',27),(319,'代码生成',8,'com.ruoyi.generator.controller.GenController.batchGenCode()','GET',1,'admin',NULL,'/tool/gen/batchGenCode','127.0.0.1','内网IP','{\"tables\":\"self_visitors\"}',NULL,0,NULL,'2023-06-26 12:01:02',21),(320,'代码生成',8,'com.ruoyi.generator.controller.GenController.batchGenCode()','GET',1,'admin',NULL,'/tool/gen/batchGenCode','127.0.0.1','内网IP','{\"tables\":\"self_ticket_prices\"}',NULL,0,NULL,'2023-06-26 12:01:02',22),(321,'代码生成',8,'com.ruoyi.generator.controller.GenController.batchGenCode()','GET',1,'admin',NULL,'/tool/gen/batchGenCode','127.0.0.1','内网IP','{\"tables\":\"self_ticket_services\"}',NULL,0,NULL,'2023-06-26 12:01:06',20),(322,'菜单管理',2,'com.ruoyi.web.controller.system.SysMenuController.edit()','PUT',1,'admin',NULL,'/system/menu','127.0.0.1','内网IP','{\"children\":[],\"component\":\"system/complaints/index\",\"createTime\":\"2023-06-26 12:02:18\",\"icon\":\"#\",\"isCache\":\"0\",\"isFrame\":\"1\",\"menuId\":2109,\"menuName\":\"投诉\",\"menuType\":\"C\",\"orderNum\":2,\"params\":{},\"parentId\":2000,\"path\":\"complaints\",\"perms\":\"system:complaints:list\",\"status\":\"0\",\"updateBy\":\"admin\",\"visible\":\"0\"}','{\"msg\":\"操作成功\",\"code\":200}',0,NULL,'2023-06-26 12:03:26',15),(323,'菜单管理',3,'com.ruoyi.web.controller.system.SysMenuController.remove()','DELETE',1,'admin',NULL,'/system/menu/2114','127.0.0.1','内网IP','{}','{\"msg\":\"操作成功\",\"code\":200}',0,NULL,'2023-06-26 13:19:08',36),(324,'菜单管理',3,'com.ruoyi.web.controller.system.SysMenuController.remove()','DELETE',1,'admin',NULL,'/system/menu/2113','127.0.0.1','内网IP','{}','{\"msg\":\"操作成功\",\"code\":200}',0,NULL,'2023-06-26 13:19:10',13),(325,'菜单管理',3,'com.ruoyi.web.controller.system.SysMenuController.remove()','DELETE',1,'admin',NULL,'/system/menu/2112','127.0.0.1','内网IP','{}','{\"msg\":\"操作成功\",\"code\":200}',0,NULL,'2023-06-26 13:19:11',9),(326,'菜单管理',3,'com.ruoyi.web.controller.system.SysMenuController.remove()','DELETE',1,'admin',NULL,'/system/menu/2111','127.0.0.1','内网IP','{}','{\"msg\":\"操作成功\",\"code\":200}',0,NULL,'2023-06-26 13:19:13',10),(327,'菜单管理',3,'com.ruoyi.web.controller.system.SysMenuController.remove()','DELETE',1,'admin',NULL,'/system/menu/2110','127.0.0.1','内网IP','{}','{\"msg\":\"操作成功\",\"code\":200}',0,NULL,'2023-06-26 13:19:14',9),(328,'菜单管理',3,'com.ruoyi.web.controller.system.SysMenuController.remove()','DELETE',1,'admin',NULL,'/system/menu/2109','127.0.0.1','内网IP','{}','{\"msg\":\"操作成功\",\"code\":200}',0,NULL,'2023-06-26 13:19:16',11),(329,'菜单管理',3,'com.ruoyi.web.controller.system.SysMenuController.remove()','DELETE',1,'admin',NULL,'/system/menu/2108','127.0.0.1','内网IP','{}','{\"msg\":\"操作成功\",\"code\":200}',0,NULL,'2023-06-26 13:19:19',10),(330,'菜单管理',3,'com.ruoyi.web.controller.system.SysMenuController.remove()','DELETE',1,'admin',NULL,'/system/menu/2107','127.0.0.1','内网IP','{}','{\"msg\":\"操作成功\",\"code\":200}',0,NULL,'2023-06-26 13:19:20',10),(331,'菜单管理',3,'com.ruoyi.web.controller.system.SysMenuController.remove()','DELETE',1,'admin',NULL,'/system/menu/2105','127.0.0.1','内网IP','{}','{\"msg\":\"操作成功\",\"code\":200}',0,NULL,'2023-06-26 13:19:22',10),(332,'菜单管理',3,'com.ruoyi.web.controller.system.SysMenuController.remove()','DELETE',1,'admin',NULL,'/system/menu/2104','127.0.0.1','内网IP','{}','{\"msg\":\"操作成功\",\"code\":200}',0,NULL,'2023-06-26 13:19:24',9),(333,'菜单管理',3,'com.ruoyi.web.controller.system.SysMenuController.remove()','DELETE',1,'admin',NULL,'/system/menu/2106','127.0.0.1','内网IP','{}','{\"msg\":\"操作成功\",\"code\":200}',0,NULL,'2023-06-26 13:19:26',9),(334,'菜单管理',3,'com.ruoyi.web.controller.system.SysMenuController.remove()','DELETE',1,'admin',NULL,'/system/menu/2103','127.0.0.1','内网IP','{}','{\"msg\":\"操作成功\",\"code\":200}',0,NULL,'2023-06-26 13:19:27',8),(335,'代码生成',8,'com.ruoyi.generator.controller.GenController.batchGenCode()','GET',1,'admin',NULL,'/tool/gen/batchGenCode','127.0.0.1','内网IP','{\"tables\":\"self_attendances,self_complaints,self_emergencies,self_hotel_orders,self_hotel_prices,self_hotel_rooms,self_parking_cars,self_visitors,self_ticket_prices,self_ticket_services\"}',NULL,0,NULL,'2023-06-26 13:19:36',426),(336,'菜单管理',1,'com.ruoyi.web.controller.system.SysMenuController.add()','POST',1,'admin',NULL,'/system/menu','127.0.0.1','内网IP','{\"children\":[],\"component\":\"system/complaints/index\",\"createBy\":\"admin\",\"icon\":\"404\",\"isCache\":\"0\",\"isFrame\":\"1\",\"menuName\":\"投诉菜单\",\"menuType\":\"C\",\"orderNum\":2,\"params\":{},\"parentId\":2000,\"path\":\"complaints\",\"perms\":\"system:complaints:list\",\"status\":\"0\",\"visible\":\"0\"}','{\"msg\":\"操作成功\",\"code\":200}',0,NULL,'2023-06-26 14:12:33',15),(337,'投诉',1,'com.ruoyi.web.controller.system.SelfComplaintsController.add()','POST',1,'admin',NULL,'/system/complaints','127.0.0.1','内网IP','{\"complaintsDate\":\"2023-06-06\",\"complaintsId\":11111,\"complaintsMessage\":\"红红火火恍恍惚惚fu\",\"complaintsReplyDate\":\"2023-06-28\",\"complaintsReplyMessage\":\"爱啊哎\",\"id\":1,\"params\":{},\"stateComplaints\":\"事实上是\"}','{\"msg\":\"操作成功\",\"code\":200}',0,NULL,'2023-06-26 14:14:22',9),(338,'菜单管理',3,'com.ruoyi.web.controller.system.SysMenuController.remove()','DELETE',1,'admin',NULL,'/system/menu/2116','127.0.0.1','内网IP','{}','{\"msg\":\"操作成功\",\"code\":200}',0,NULL,'2023-06-26 14:14:36',11),(339,'菜单管理',3,'com.ruoyi.web.controller.system.SysMenuController.remove()','DELETE',1,'admin',NULL,'/system/menu/2117','127.0.0.1','内网IP','{}','{\"msg\":\"操作成功\",\"code\":200}',0,NULL,'2023-06-26 14:14:37',7),(340,'菜单管理',3,'com.ruoyi.web.controller.system.SysMenuController.remove()','DELETE',1,'admin',NULL,'/system/menu/2118','127.0.0.1','内网IP','{}','{\"msg\":\"操作成功\",\"code\":200}',0,NULL,'2023-06-26 14:14:39',8),(341,'菜单管理',3,'com.ruoyi.web.controller.system.SysMenuController.remove()','DELETE',1,'admin',NULL,'/system/menu/2119','127.0.0.1','内网IP','{}','{\"msg\":\"操作成功\",\"code\":200}',0,NULL,'2023-06-26 14:14:41',7),(342,'菜单管理',3,'com.ruoyi.web.controller.system.SysMenuController.remove()','DELETE',1,'admin',NULL,'/system/menu/2120','127.0.0.1','内网IP','{}','{\"msg\":\"操作成功\",\"code\":200}',0,NULL,'2023-06-26 14:14:43',7),(343,'菜单管理',2,'com.ruoyi.web.controller.system.SysMenuController.edit()','PUT',1,'admin',NULL,'/system/menu','127.0.0.1','内网IP','{\"children\":[],\"component\":\"system/attendances/index\",\"createTime\":\"2023-06-26 14:02:20\",\"icon\":\"404\",\"isCache\":\"0\",\"isFrame\":\"1\",\"menuId\":2115,\"menuName\":\"考勤信息\",\"menuType\":\"C\",\"orderNum\":1,\"params\":{},\"parentId\":2000,\"path\":\"attendances\",\"perms\":\"system:attendances:list\",\"status\":\"0\",\"updateBy\":\"admin\",\"visible\":\"0\"}','{\"msg\":\"操作成功\",\"code\":200}',0,NULL,'2023-06-26 14:14:55',6),(344,'菜单管理',1,'com.ruoyi.web.controller.system.SysMenuController.add()','POST',1,'admin',NULL,'/system/menu','127.0.0.1','内网IP','{\"children\":[],\"component\":\"system/emergencies/index\",\"createBy\":\"admin\",\"icon\":\"404\",\"isCache\":\"0\",\"isFrame\":\"1\",\"menuName\":\"事件处理\",\"menuType\":\"C\",\"orderNum\":3,\"params\":{},\"parentId\":2000,\"path\":\"emergencies\",\"perms\":\"system:emergencies:list\",\"status\":\"0\",\"visible\":\"0\"}','{\"msg\":\"操作成功\",\"code\":200}',0,NULL,'2023-06-26 14:16:21',5),(345,'菜单管理',1,'com.ruoyi.web.controller.system.SysMenuController.add()','POST',1,'admin',NULL,'/system/menu','127.0.0.1','内网IP','{\"children\":[],\"component\":\"system/orders/index\",\"createBy\":\"admin\",\"icon\":\"404\",\"isCache\":\"0\",\"isFrame\":\"1\",\"menuName\":\"酒店订单\",\"menuType\":\"C\",\"orderNum\":4,\"params\":{},\"parentId\":2000,\"path\":\"orders\",\"perms\":\"system:orders:list\",\"status\":\"0\",\"visible\":\"0\"}','{\"msg\":\"操作成功\",\"code\":200}',0,NULL,'2023-06-26 14:17:23',5),(346,'菜单管理',1,'com.ruoyi.web.controller.system.SysMenuController.add()','POST',1,'admin',NULL,'/system/menu','127.0.0.1','内网IP','{\"children\":[],\"component\":\"system/hotel_prices/index\",\"createBy\":\"admin\",\"isCache\":\"0\",\"isFrame\":\"1\",\"menuName\":\"酒店价格\",\"menuType\":\"C\",\"orderNum\":5,\"params\":{},\"parentId\":2000,\"path\":\"hotel_prices\",\"perms\":\"system:hotel_prices:list\",\"status\":\"0\",\"visible\":\"0\"}','{\"msg\":\"操作成功\",\"code\":200}',0,NULL,'2023-06-26 14:17:59',7),(347,'菜单管理',1,'com.ruoyi.web.controller.system.SysMenuController.add()','POST',1,'admin',NULL,'/system/menu','127.0.0.1','内网IP','{\"children\":[],\"component\":\"system/rooms/index\",\"createBy\":\"admin\",\"isCache\":\"0\",\"isFrame\":\"1\",\"menuName\":\"酒店房间\",\"menuType\":\"C\",\"orderNum\":6,\"params\":{},\"parentId\":2000,\"path\":\"rooms\",\"perms\":\"system:rooms:list\",\"status\":\"0\",\"visible\":\"0\"}','{\"msg\":\"操作成功\",\"code\":200}',0,NULL,'2023-06-26 14:18:40',6),(348,'菜单管理',1,'com.ruoyi.web.controller.system.SysMenuController.add()','POST',1,'admin',NULL,'/system/menu','127.0.0.1','内网IP','{\"children\":[],\"component\":\"system/cars/index\",\"createBy\":\"admin\",\"isCache\":\"0\",\"isFrame\":\"1\",\"menuName\":\"停车场管理\",\"menuType\":\"C\",\"orderNum\":7,\"params\":{},\"parentId\":2000,\"path\":\"cars\",\"perms\":\"system:cars:list\",\"status\":\"0\",\"visible\":\"0\"}','{\"msg\":\"操作成功\",\"code\":200}',0,NULL,'2023-06-26 14:19:36',5),(349,'菜单管理',2,'com.ruoyi.web.controller.system.SysMenuController.edit()','PUT',1,'admin',NULL,'/system/menu','127.0.0.1','内网IP','{\"children\":[],\"component\":\"system/hotel_prices/index\",\"createTime\":\"2023-06-26 14:17:59\",\"icon\":\"404\",\"isCache\":\"0\",\"isFrame\":\"1\",\"menuId\":2124,\"menuName\":\"酒店价格\",\"menuType\":\"C\",\"orderNum\":5,\"params\":{},\"parentId\":2000,\"path\":\"hotel_prices\",\"perms\":\"system:hotel_prices:list\",\"status\":\"0\",\"updateBy\":\"admin\",\"visible\":\"0\"}','{\"msg\":\"操作成功\",\"code\":200}',0,NULL,'2023-06-26 14:19:42',6),(350,'菜单管理',2,'com.ruoyi.web.controller.system.SysMenuController.edit()','PUT',1,'admin',NULL,'/system/menu','127.0.0.1','内网IP','{\"children\":[],\"component\":\"system/rooms/index\",\"createTime\":\"2023-06-26 14:18:40\",\"icon\":\"404\",\"isCache\":\"0\",\"isFrame\":\"1\",\"menuId\":2125,\"menuName\":\"酒店房间\",\"menuType\":\"C\",\"orderNum\":6,\"params\":{},\"parentId\":2000,\"path\":\"rooms\",\"perms\":\"system:rooms:list\",\"status\":\"0\",\"updateBy\":\"admin\",\"visible\":\"0\"}','{\"msg\":\"操作成功\",\"code\":200}',0,NULL,'2023-06-26 14:19:46',5),(351,'菜单管理',2,'com.ruoyi.web.controller.system.SysMenuController.edit()','PUT',1,'admin',NULL,'/system/menu','127.0.0.1','内网IP','{\"children\":[],\"component\":\"system/cars/index\",\"createTime\":\"2023-06-26 14:19:35\",\"icon\":\"404\",\"isCache\":\"0\",\"isFrame\":\"1\",\"menuId\":2126,\"menuName\":\"停车场管理\",\"menuType\":\"C\",\"orderNum\":7,\"params\":{},\"parentId\":2000,\"path\":\"cars\",\"perms\":\"system:cars:list\",\"status\":\"0\",\"updateBy\":\"admin\",\"visible\":\"0\"}','{\"msg\":\"操作成功\",\"code\":200}',0,NULL,'2023-06-26 14:19:50',5),(352,'菜单管理',1,'com.ruoyi.web.controller.system.SysMenuController.add()','POST',1,'admin',NULL,'/system/menu','127.0.0.1','内网IP','{\"children\":[],\"component\":\"system/visitors/index\",\"createBy\":\"admin\",\"icon\":\"404\",\"isCache\":\"0\",\"isFrame\":\"1\",\"menuName\":\"游客信息\",\"menuType\":\"C\",\"orderNum\":8,\"params\":{},\"parentId\":2000,\"path\":\"visitors\",\"perms\":\"system:visitors:list\",\"status\":\"0\",\"visible\":\"0\"}','{\"msg\":\"操作成功\",\"code\":200}',0,NULL,'2023-06-26 14:20:30',6),(353,'菜单管理',1,'com.ruoyi.web.controller.system.SysMenuController.add()','POST',1,'admin',NULL,'/system/menu','127.0.0.1','内网IP','{\"children\":[],\"component\":\"system/ticket_prices/index\",\"createBy\":\"admin\",\"icon\":\"404\",\"isCache\":\"0\",\"isFrame\":\"1\",\"menuName\":\"门票信息\",\"menuType\":\"C\",\"orderNum\":9,\"params\":{},\"parentId\":2000,\"path\":\"ticket_prices\",\"perms\":\"system:ticket_prices:list\",\"status\":\"0\",\"visible\":\"0\"}','{\"msg\":\"操作成功\",\"code\":200}',0,NULL,'2023-06-26 14:21:22',6),(354,'菜单管理',1,'com.ruoyi.web.controller.system.SysMenuController.add()','POST',1,'admin',NULL,'/system/menu','127.0.0.1','内网IP','{\"children\":[],\"component\":\"system/ticket_services/index\",\"createBy\":\"admin\",\"icon\":\"404\",\"isCache\":\"0\",\"isFrame\":\"1\",\"menuName\":\"票务管理\",\"menuType\":\"C\",\"orderNum\":10,\"params\":{},\"parentId\":2000,\"path\":\"ticket_services\",\"perms\":\"system:ticket_services:list\",\"status\":\"0\",\"visible\":\"0\"}','{\"msg\":\"操作成功\",\"code\":200}',0,NULL,'2023-06-26 14:22:25',6),(355,'菜单管理',1,'com.ruoyi.web.controller.system.SysMenuController.add()','POST',1,'admin',NULL,'/system/menu','127.0.0.1','内网IP','{\"children\":[],\"createBy\":\"admin\",\"isCache\":\"0\",\"isFrame\":\"1\",\"menuName\":\"酒店管理\",\"menuType\":\"M\",\"orderNum\":1,\"params\":{},\"parentId\":0,\"path\":\"hotel\",\"status\":\"0\",\"visible\":\"0\"}','{\"msg\":\"操作成功\",\"code\":200}',0,NULL,'2023-06-26 16:28:28',8),(356,'菜单管理',1,'com.ruoyi.web.controller.system.SysMenuController.add()','POST',1,'admin',NULL,'/system/menu','127.0.0.1','内网IP','{\"children\":[],\"component\":\"system/order/index\",\"createBy\":\"admin\",\"isCache\":\"0\",\"isFrame\":\"1\",\"menuName\":\"酒店订单\",\"menuType\":\"C\",\"orderNum\":1,\"params\":{},\"parentId\":2130,\"path\":\"order\",\"perms\":\"system:order:index\",\"status\":\"0\",\"visible\":\"0\"}','{\"msg\":\"操作成功\",\"code\":200}',0,NULL,'2023-06-26 16:29:20',8),(357,'菜单管理',2,'com.ruoyi.web.controller.system.SysMenuController.edit()','PUT',1,'admin',NULL,'/system/menu','127.0.0.1','内网IP','{\"children\":[],\"component\":\"system/orders/index\",\"createTime\":\"2023-06-26 16:29:20\",\"icon\":\"#\",\"isCache\":\"0\",\"isFrame\":\"1\",\"menuId\":2131,\"menuName\":\"酒店订单\",\"menuType\":\"C\",\"orderNum\":1,\"params\":{},\"parentId\":2130,\"path\":\"order\",\"perms\":\"system:orders:index\",\"status\":\"0\",\"updateBy\":\"admin\",\"visible\":\"0\"}','{\"msg\":\"操作成功\",\"code\":200}',0,NULL,'2023-06-26 16:30:03',9),(358,'菜单管理',2,'com.ruoyi.web.controller.system.SysMenuController.edit()','PUT',1,'admin',NULL,'/system/menu','127.0.0.1','内网IP','{\"children\":[],\"component\":\"hotel/orders/index\",\"createTime\":\"2023-06-26 16:29:20\",\"icon\":\"#\",\"isCache\":\"0\",\"isFrame\":\"1\",\"menuId\":2131,\"menuName\":\"酒店订单\",\"menuType\":\"C\",\"orderNum\":1,\"params\":{},\"parentId\":2130,\"path\":\"order\",\"perms\":\"hotel:orders:index\",\"status\":\"0\",\"updateBy\":\"admin\",\"visible\":\"0\"}','{\"msg\":\"操作成功\",\"code\":200}',0,NULL,'2023-06-26 16:33:26',8),(359,'代码生成',2,'com.ruoyi.generator.controller.GenController.editSave()','PUT',1,'admin',NULL,'/tool/gen','127.0.0.1','内网IP','{\"businessName\":\"orders\",\"className\":\"SelfHotelOrders\",\"columns\":[{\"capJavaField\":\"Id\",\"columnComment\":\"ID\",\"columnId\":132,\"columnName\":\"id\",\"columnType\":\"int(11)\",\"createBy\":\"admin\",\"createTime\":\"2023-06-26 10:36:28\",\"dictType\":\"\",\"edit\":false,\"htmlType\":\"input\",\"increment\":true,\"insert\":true,\"isIncrement\":\"1\",\"isInsert\":\"1\",\"isPk\":\"1\",\"javaField\":\"id\",\"javaType\":\"Long\",\"list\":false,\"params\":{},\"pk\":true,\"query\":false,\"queryType\":\"EQ\",\"required\":false,\"sort\":1,\"superColumn\":false,\"tableId\":25,\"updateBy\":\"\",\"updateTime\":\"2023-06-26 11:56:52\",\"usableColumn\":false},{\"capJavaField\":\"OrderId\",\"columnComment\":\"订单号\",\"columnId\":133,\"columnName\":\"order_id\",\"columnType\":\"int(11)\",\"createBy\":\"admin\",\"createTime\":\"2023-06-26 10:36:28\",\"dictType\":\"\",\"edit\":true,\"htmlType\":\"input\",\"increment\":false,\"insert\":true,\"isEdit\":\"1\",\"isIncrement\":\"0\",\"isInsert\":\"1\",\"isList\":\"1\",\"isPk\":\"0\",\"isQuery\":\"1\",\"javaField\":\"orderId\",\"javaType\":\"Long\",\"list\":true,\"params\":{},\"pk\":false,\"query\":true,\"queryType\":\"LIKE\",\"required\":false,\"sort\":2,\"superColumn\":false,\"tableId\":25,\"updateBy\":\"\",\"updateTime\":\"2023-06-26 11:56:52\",\"usableColumn\":false},{\"capJavaField\":\"CnId\",\"columnComment\":\"身份证号\",\"columnId\":134,\"columnName\":\"cn_id\",\"columnType\":\"varchar(255)\",\"createBy\":\"admin\",\"createTime\":\"2023-06-26 10:36:28\",\"dictType\":\"\",\"edit\":true,\"htmlType\":\"input\",\"increment\":false,\"insert\":true,\"isEdit\":\"1\",\"isIncrement\":\"0\",\"isInsert\":\"1\",\"isList\":\"1\",\"isPk\":\"0\",\"isQuery\":\"1\",\"javaField\":\"cnId\",\"javaType\":\"String\",\"list\":true,\"params\":{},\"pk\":false,\"query\":true,\"queryType\":\"LIKE\",\"required\":false,\"sort\":3,\"superColumn\":false,\"tableId\":25,\"updateBy\":\"\",\"updateTime\":\"2023-06-26 11:56:52\",\"usableColumn\":false}],\"crud\":true,\"functionAuthor\":\"ruoyi\",\"functionName\":\"酒店订单\",\"genPath\":\"/\",\"genType\":\"0\",\"moduleName\":\"hotel\",\"options\":\"{\\\"parentMenuId\\\":2130}\",\"packageName\":\"com.ruoyi.hotel\",\"params\":{\"parentMenuId\":2130},\"parentMenuId\":\"2130\",\"sub\":false,\"tableComment\":\"酒店订单表\",\"tableId\":25,\"tableName\":\"self_hotel_order','{\"msg\":\"操作成功\",\"code\":200}',0,NULL,'2023-06-26 16:34:39',20),(360,'代码生成',8,'com.ruoyi.generator.controller.GenController.batchGenCode()','GET',1,'admin',NULL,'/tool/gen/batchGenCode','127.0.0.1','内网IP','{\"tables\":\"self_hotel_orders\"}',NULL,0,NULL,'2023-06-26 16:34:43',151),(361,'菜单管理',3,'com.ruoyi.web.controller.system.SysMenuController.remove()','DELETE',1,'admin',NULL,'/system/menu/2123','127.0.0.1','内网IP','{}','{\"msg\":\"操作成功\",\"code\":200}',0,NULL,'2023-06-26 16:43:02',14),(362,'酒店订单',1,'com.ruoyi.web.controller.hotel.SelfHotelOrdersController.add()','POST',1,'admin',NULL,'/hotel/orders','127.0.0.1','内网IP','{\"cnId\":\"12456\",\"id\":1,\"orderId\":12345,\"params\":{}}','{\"msg\":\"操作成功\",\"code\":200}',0,NULL,'2023-06-26 16:43:33',16),(363,'菜单管理',1,'com.ruoyi.web.controller.system.SysMenuController.add()','POST',1,'admin',NULL,'/system/menu','127.0.0.1','内网IP','{\"children\":[],\"component\":\"hotel/reservation/index\",\"createBy\":\"admin\",\"isCache\":\"0\",\"isFrame\":\"1\",\"menuName\":\"酒店预约\",\"menuType\":\"C\",\"orderNum\":2,\"params\":{},\"parentId\":2130,\"path\":\"reservation\",\"perms\":\"hotel:reservation:list\",\"status\":\"0\",\"visible\":\"0\"}','{\"msg\":\"操作成功\",\"code\":200}',0,NULL,'2023-06-26 16:44:36',47),(364,'菜单管理',1,'com.ruoyi.web.controller.system.SysMenuController.add()','POST',1,'admin',NULL,'/system/menu','127.0.0.1','内网IP','{\"children\":[],\"component\":\"hotel/checkout/index\",\"createBy\":\"admin\",\"isCache\":\"0\",\"isFrame\":\"1\",\"menuName\":\"酒店退房\",\"menuType\":\"C\",\"orderNum\":3,\"params\":{},\"parentId\":2130,\"path\":\"checkout\",\"perms\":\"hotel:checkout:list\",\"status\":\"0\",\"visible\":\"0\"}','{\"msg\":\"操作成功\",\"code\":200}',0,NULL,'2023-06-26 16:52:58',11);

/*Table structure for table `sys_post` */

DROP TABLE IF EXISTS `sys_post`;

CREATE TABLE `sys_post` (
  `post_id` bigint(20) NOT NULL AUTO_INCREMENT COMMENT '岗位ID',
  `post_code` varchar(64) NOT NULL COMMENT '岗位编码',
  `post_name` varchar(50) NOT NULL COMMENT '岗位名称',
  `post_sort` int(4) NOT NULL COMMENT '显示顺序',
  `status` char(1) NOT NULL COMMENT '状态（0正常 1停用）',
  `create_by` varchar(64) DEFAULT '' COMMENT '创建者',
  `create_time` datetime DEFAULT NULL COMMENT '创建时间',
  `update_by` varchar(64) DEFAULT '' COMMENT '更新者',
  `update_time` datetime DEFAULT NULL COMMENT '更新时间',
  `remark` varchar(500) DEFAULT NULL COMMENT '备注',
  PRIMARY KEY (`post_id`)
) ENGINE=InnoDB AUTO_INCREMENT=5 DEFAULT CHARSET=utf8 COMMENT='岗位信息表';

/*Data for the table `sys_post` */

insert  into `sys_post`(`post_id`,`post_code`,`post_name`,`post_sort`,`status`,`create_by`,`create_time`,`update_by`,`update_time`,`remark`) values (1,'ceo','董事长',1,'0','admin','2023-06-23 16:06:59','',NULL,''),(2,'se','项目经理',2,'0','admin','2023-06-23 16:06:59','',NULL,''),(3,'hr','人力资源',3,'0','admin','2023-06-23 16:06:59','',NULL,''),(4,'user','普通员工',4,'0','admin','2023-06-23 16:06:59','',NULL,'');

/*Table structure for table `sys_role` */

DROP TABLE IF EXISTS `sys_role`;

CREATE TABLE `sys_role` (
  `role_id` bigint(20) NOT NULL AUTO_INCREMENT COMMENT '角色ID',
  `role_name` varchar(30) NOT NULL COMMENT '角色名称',
  `role_key` varchar(100) NOT NULL COMMENT '角色权限字符串',
  `role_sort` int(4) NOT NULL COMMENT '显示顺序',
  `data_scope` char(1) DEFAULT '1' COMMENT '数据范围（1：全部数据权限 2：自定数据权限 3：本部门数据权限 4：本部门及以下数据权限）',
  `menu_check_strictly` tinyint(1) DEFAULT '1' COMMENT '菜单树选择项是否关联显示',
  `dept_check_strictly` tinyint(1) DEFAULT '1' COMMENT '部门树选择项是否关联显示',
  `status` char(1) NOT NULL COMMENT '角色状态（0正常 1停用）',
  `del_flag` char(1) DEFAULT '0' COMMENT '删除标志（0代表存在 2代表删除）',
  `create_by` varchar(64) DEFAULT '' COMMENT '创建者',
  `create_time` datetime DEFAULT NULL COMMENT '创建时间',
  `update_by` varchar(64) DEFAULT '' COMMENT '更新者',
  `update_time` datetime DEFAULT NULL COMMENT '更新时间',
  `remark` varchar(500) DEFAULT NULL COMMENT '备注',
  PRIMARY KEY (`role_id`)
) ENGINE=InnoDB AUTO_INCREMENT=3 DEFAULT CHARSET=utf8 COMMENT='角色信息表';

/*Data for the table `sys_role` */

insert  into `sys_role`(`role_id`,`role_name`,`role_key`,`role_sort`,`data_scope`,`menu_check_strictly`,`dept_check_strictly`,`status`,`del_flag`,`create_by`,`create_time`,`update_by`,`update_time`,`remark`) values (1,'超级管理员','admin',1,'1',1,1,'0','0','admin','2023-06-23 16:06:59','',NULL,'超级管理员'),(2,'普通角色','common',2,'2',1,1,'0','0','admin','2023-06-23 16:06:59','',NULL,'普通角色');

/*Table structure for table `sys_role_dept` */

DROP TABLE IF EXISTS `sys_role_dept`;

CREATE TABLE `sys_role_dept` (
  `role_id` bigint(20) NOT NULL COMMENT '角色ID',
  `dept_id` bigint(20) NOT NULL COMMENT '部门ID',
  PRIMARY KEY (`role_id`,`dept_id`)
) ENGINE=InnoDB DEFAULT CHARSET=utf8 COMMENT='角色和部门关联表';

/*Data for the table `sys_role_dept` */

insert  into `sys_role_dept`(`role_id`,`dept_id`) values (2,100),(2,101),(2,105);

/*Table structure for table `sys_role_menu` */

DROP TABLE IF EXISTS `sys_role_menu`;

CREATE TABLE `sys_role_menu` (
  `role_id` bigint(20) NOT NULL COMMENT '角色ID',
  `menu_id` bigint(20) NOT NULL COMMENT '菜单ID',
  PRIMARY KEY (`role_id`,`menu_id`)
) ENGINE=InnoDB DEFAULT CHARSET=utf8 COMMENT='角色和菜单关联表';

/*Data for the table `sys_role_menu` */

insert  into `sys_role_menu`(`role_id`,`menu_id`) values (2,1),(2,2),(2,3),(2,4),(2,100),(2,101),(2,102),(2,103),(2,104),(2,105),(2,106),(2,107),(2,108),(2,109),(2,110),(2,111),(2,112),(2,113),(2,114),(2,115),(2,116),(2,117),(2,500),(2,501),(2,1000),(2,1001),(2,1002),(2,1003),(2,1004),(2,1005),(2,1006),(2,1007),(2,1008),(2,1009),(2,1010),(2,1011),(2,1012),(2,1013),(2,1014),(2,1015),(2,1016),(2,1017),(2,1018),(2,1019),(2,1020),(2,1021),(2,1022),(2,1023),(2,1024),(2,1025),(2,1026),(2,1027),(2,1028),(2,1029),(2,1030),(2,1031),(2,1032),(2,1033),(2,1034),(2,1035),(2,1036),(2,1037),(2,1038),(2,1039),(2,1040),(2,1041),(2,1042),(2,1043),(2,1044),(2,1045),(2,1046),(2,1047),(2,1048),(2,1049),(2,1050),(2,1051),(2,1052),(2,1053),(2,1054),(2,1055),(2,1056),(2,1057),(2,1058),(2,1059),(2,1060);

/*Table structure for table `sys_user` */

DROP TABLE IF EXISTS `sys_user`;

CREATE TABLE `sys_user` (
  `user_id` bigint(20) NOT NULL AUTO_INCREMENT COMMENT '用户ID',
  `dept_id` bigint(20) DEFAULT NULL COMMENT '部门ID',
  `user_name` varchar(30) NOT NULL COMMENT '用户账号',
  `nick_name` varchar(30) NOT NULL COMMENT '用户昵称',
  `user_type` varchar(2) DEFAULT '00' COMMENT '用户类型（00系统用户）',
  `email` varchar(50) DEFAULT '' COMMENT '用户邮箱',
  `phonenumber` varchar(11) DEFAULT '' COMMENT '手机号码',
  `sex` char(1) DEFAULT '0' COMMENT '用户性别（0男 1女 2未知）',
  `avatar` varchar(100) DEFAULT '' COMMENT '头像地址',
  `password` varchar(100) DEFAULT '' COMMENT '密码',
  `status` char(1) DEFAULT '0' COMMENT '帐号状态（0正常 1停用）',
  `del_flag` char(1) DEFAULT '0' COMMENT '删除标志（0代表存在 2代表删除）',
  `login_ip` varchar(128) DEFAULT '' COMMENT '最后登录IP',
  `login_date` datetime DEFAULT NULL COMMENT '最后登录时间',
  `create_by` varchar(64) DEFAULT '' COMMENT '创建者',
  `create_time` datetime DEFAULT NULL COMMENT '创建时间',
  `update_by` varchar(64) DEFAULT '' COMMENT '更新者',
  `update_time` datetime DEFAULT NULL COMMENT '更新时间',
  `remark` varchar(500) DEFAULT NULL COMMENT '备注',
  PRIMARY KEY (`user_id`)
) ENGINE=InnoDB AUTO_INCREMENT=3 DEFAULT CHARSET=utf8 COMMENT='用户信息表';

/*Data for the table `sys_user` */

insert  into `sys_user`(`user_id`,`dept_id`,`user_name`,`nick_name`,`user_type`,`email`,`phonenumber`,`sex`,`avatar`,`password`,`status`,`del_flag`,`login_ip`,`login_date`,`create_by`,`create_time`,`update_by`,`update_time`,`remark`) values (1,103,'admin','若依','00','ry@163.com','15888888888','1','','$2a$10$7JB720yubVSZvUI0rEqK/.VqGOZTH.ulu33dHOiBE8ByOhJIrdAu2','0','0','127.0.0.1','2023-06-27 08:57:06','admin','2023-06-23 16:06:59','','2023-06-27 08:57:06','管理员'),(2,105,'ry','若依','00','ry@qq.com','15666666666','1','','$2a$10$7JB720yubVSZvUI0rEqK/.VqGOZTH.ulu33dHOiBE8ByOhJIrdAu2','0','0','127.0.0.1','2023-06-23 16:06:59','admin','2023-06-23 16:06:59','',NULL,'测试员');

/*Table structure for table `sys_user_post` */

DROP TABLE IF EXISTS `sys_user_post`;

CREATE TABLE `sys_user_post` (
  `user_id` bigint(20) NOT NULL COMMENT '用户ID',
  `post_id` bigint(20) NOT NULL COMMENT '岗位ID',
  PRIMARY KEY (`user_id`,`post_id`)
) ENGINE=InnoDB DEFAULT CHARSET=utf8 COMMENT='用户与岗位关联表';

/*Data for the table `sys_user_post` */

insert  into `sys_user_post`(`user_id`,`post_id`) values (1,1),(2,2);

/*Table structure for table `sys_user_role` */

DROP TABLE IF EXISTS `sys_user_role`;

CREATE TABLE `sys_user_role` (
  `user_id` bigint(20) NOT NULL COMMENT '用户ID',
  `role_id` bigint(20) NOT NULL COMMENT '角色ID',
  PRIMARY KEY (`user_id`,`role_id`)
) ENGINE=InnoDB DEFAULT CHARSET=utf8 COMMENT='用户和角色关联表';

/*Data for the table `sys_user_role` */

insert  into `sys_user_role`(`user_id`,`role_id`) values (1,1),(2,2);

/*!40101 SET SQL_MODE=@OLD_SQL_MODE */;
/*!40014 SET FOREIGN_KEY_CHECKS=@OLD_FOREIGN_KEY_CHECKS */;
/*!40014 SET UNIQUE_CHECKS=@OLD_UNIQUE_CHECKS */;
/*!40111 SET SQL_NOTES=@OLD_SQL_NOTES */;
